#################################
## Zone: Kezan                 ##
## Team www.Night-Attitude.com ##
##                             ##
## Credit:                     ##
## Mikadmin                    ##
##                             ##
#################################

--
-- quest
--

-- 14138
DELETE FROM `creature_questrelation` WHERE `quest` = 14138;
DELETE FROM `gameobject_questrelation` WHERE `quest` = 14138;
UPDATE `item_template` SET `StartQuest`=0 WHERE `StartQuest` = 14138;
INSERT INTO `creature_questrelation` (`id`, `quest`) VALUES (34668, 14138);
UPDATE `creature_template` SET `npcflag`=`npcflag`|2 WHERE `entry` = 34668;
DELETE FROM `creature_involvedrelation` WHERE `quest` = 14138;
DELETE FROM `gameobject_involvedrelation` WHERE `quest` = 14138;
INSERT INTO `creature_involvedrelation` (`id`, `quest`) VALUES (14336, 14138);
UPDATE `creature_template` SET `npcflag`=`npcflag`|2 WHERE `entry`=14336;
INSERT INTO `creature_involvedrelation` (`id`, `quest`) VALUES (34872, 14138);
UPDATE `creature_template` SET `npcflag`=`npcflag`|2 WHERE `entry`=34872;
REPLACE INTO `quest_template` (`Id`, `Method`, `Level`, `MinLevel`, `MaxLevel`, `ZoneOrSort`, `Type`, `SuggestedPlayers`, `LimitTime`, `RequiredClasses`, `RequiredRaces`, `RequiredSkillId`, `RequiredSkillPoints`, `RequiredFactionId1`, `RequiredFactionId2`, `RequiredFactionValue1`, `RequiredFactionValue2`, `RequiredMinRepFaction`, `RequiredMaxRepFaction`, `RequiredMinRepValue`, `RequiredMaxRepValue`, `PrevQuestId`, `NextQuestId`, `ExclusiveGroup`, `NextQuestIdChain`, `RewardXPId`, `RewardOrRequiredMoney`, `RewardMoneyMaxLevel`, `RewardSpell`, `RewardSpellCast`, `RewardHonor`, `RewardHonorMultiplier`, `RewardMailTemplateId`, `RewardMailDelay`, `SourceItemId`, `SourceItemCount`, `SourceSpellId`, `Flags`, `SpecialFlags`, `RewardTitleId`, `RequiredPlayerKills`, `RewardTalents`, `RewardArenaPoints`, `RewardItemId1`, `RewardItemId2`, `RewardItemId3`, `RewardItemId4`, `RewardItemCount1`, `RewardItemCount2`, `RewardItemCount3`, `RewardItemCount4`, `RewardChoiceItemId1`, `RewardChoiceItemId2`, `RewardChoiceItemId3`, `RewardChoiceItemId4`, `RewardChoiceItemId5`, `RewardChoiceItemId6`, `RewardChoiceItemCount1`, `RewardChoiceItemCount2`, `RewardChoiceItemCount3`, `RewardChoiceItemCount4`, `RewardChoiceItemCount5`, `RewardChoiceItemCount6`, `RewardFactionId1`, `RewardFactionId2`, `RewardFactionId3`, `RewardFactionId4`, `RewardFactionId5`, `RewardFactionValueId1`, `RewardFactionValueId2`, `RewardFactionValueId3`, `RewardFactionValueId4`, `RewardFactionValueId5`, `RewardFactionValueIdOverride1`, `RewardFactionValueIdOverride2`, `RewardFactionValueIdOverride3`, `RewardFactionValueIdOverride4`, `RewardFactionValueIdOverride5`, `PointMapId`, `PointX`, `PointY`, `PointOption`, `Title`, `Objectives`, `Details`, `EndText`, `OfferRewardText`, `RequestItemsText`, `CompletedText`, `RequiredNpcOrGo1`, `RequiredNpcOrGo2`, `RequiredNpcOrGo3`, `RequiredNpcOrGo4`, `RequiredNpcOrGoCount1`, `RequiredNpcOrGoCount2`, `RequiredNpcOrGoCount3`, `RequiredNpcOrGoCount4`, `RequiredSourceItemId1`, `RequiredSourceItemId2`, `RequiredSourceItemId3`, `RequiredSourceItemId4`, `RequiredSourceItemCount1`, `RequiredSourceItemCount2`, `RequiredSourceItemCount3`, `RequiredSourceItemCount4`, `RequiredItemId1`, `RequiredItemId2`, `RequiredItemId3`, `RequiredItemId4`, `RequiredItemId5`, `RequiredItemId6`, `RequiredItemCount1`, `RequiredItemCount2`, `RequiredItemCount3`, `RequiredItemCount4`, `RequiredItemCount5`, `RequiredItemCount6`, `RequiredSpellCast1`, `RequiredSpellCast2`, `RequiredSpellCast3`, `RequiredSpellCast4`, `ObjectiveText1`, `ObjectiveText2`, `ObjectiveText3`, `ObjectiveText4`, `DetailsEmote1`, `DetailsEmote2`, `DetailsEmote3`, `DetailsEmote4`, `DetailsEmoteDelay1`, `DetailsEmoteDelay2`, `DetailsEmoteDelay3`, `DetailsEmoteDelay4`, `EmoteOnIncomplete`, `EmoteOnComplete`, `OfferRewardEmote1`, `OfferRewardEmote2`, `OfferRewardEmote3`, `OfferRewardEmote4`, `OfferRewardEmoteDelay1`, `OfferRewardEmoteDelay2`, `OfferRewardEmoteDelay3`, `OfferRewardEmoteDelay4`, `WDBVerified`) VALUES (14138, 2, 1, 1, 0, 4737, 0, 0, 0, 0, 0, 0, 0, 0, 0, 0, 0, 0, 0, 0, 0, 0, 0, 0, 0, 1, 0, 0, 0, 0, 0, 0, 0, 0, 60203, 1, 0, 524288, 4, 0, 0, 0, 0, 0, 0, 0, 0, 0, 0, 0, 0, 0, 0, 0, 0, 0, 0, 0, 0, 0, 0, 0, 0, 1133, 0, 0, 0, 1168, 1, 0, 0, 0, 9, 0, 0, 0, 0, 0, 0, 0, 0, 0, 'Taking Care of Business', 'Deliver Sassy\'s Incentive to Foreman Dampwick at KTC Headquarters on Kezan.', 'With all of the troubles down in the Kaja\'mine, Foreman Dampwick\'s been going crazy trying to find you. He said something about some \'defiant trolls\'.$B$BThe Kaja\'mite that our trolls are mining is critical ingredient in Kaja\'Cola. That bubbly stuff is making us a fortune, and it\'s going to get you a promotion to Trade $g Prince : Princess;!$B$BBut first, we have to get production flowing again. You\'ll find the foreman to the east. Here, give him this as an incentive to get his act together.', '', 'A gift from Sassy? I hope it\'s a bonus!', '', '', 0, 0, 0, 0, 0, 0, 0, 0, 0, 0, 0, 0, 0, 0, 0, 0, 60203, 6948, 0, 0, 0, 0, 1, 1, 0, 0, 0, 0, 0, 0, 0, 0, '', '', '', '', 0, 0, 0, 0, 0, 0, 0, 0, 0, 0, 0, 0, 0, 0, 0, 0, 0, 0, 1);

-- 14075
DELETE FROM `creature_questrelation` WHERE `quest` = 14075;
DELETE FROM `gameobject_questrelation` WHERE `quest` = 14075;
UPDATE `item_template` SET `StartQuest`=0 WHERE `StartQuest` = 14075;
INSERT INTO `creature_questrelation` (`id`, `quest`) VALUES (34872, 14075);
UPDATE `creature_template` SET `npcflag`=`npcflag`|2 WHERE `entry` = 34872;
DELETE FROM `creature_involvedrelation` WHERE `quest` = 14075;
DELETE FROM `gameobject_involvedrelation` WHERE `quest` = 14075;
INSERT INTO `creature_involvedrelation` (`id`, `quest`) VALUES (14336, 14075);
UPDATE `creature_template` SET `npcflag`=`npcflag`|2 WHERE `entry`=14336;
INSERT INTO `creature_involvedrelation` (`id`, `quest`) VALUES (34872, 14075);
UPDATE `creature_template` SET `npcflag`=`npcflag`|2 WHERE `entry`=34872;
REPLACE INTO `quest_template` (`Id`, `Method`, `Level`, `MinLevel`, `MaxLevel`, `ZoneOrSort`, `Type`, `SuggestedPlayers`, `LimitTime`, `RequiredClasses`, `RequiredRaces`, `RequiredSkillId`, `RequiredSkillPoints`, `RequiredFactionId1`, `RequiredFactionId2`, `RequiredFactionValue1`, `RequiredFactionValue2`, `RequiredMinRepFaction`, `RequiredMaxRepFaction`, `RequiredMinRepValue`, `RequiredMaxRepValue`, `PrevQuestId`, `NextQuestId`, `ExclusiveGroup`, `NextQuestIdChain`, `RewardXPId`, `RewardOrRequiredMoney`, `RewardMoneyMaxLevel`, `RewardSpell`, `RewardSpellCast`, `RewardHonor`, `RewardHonorMultiplier`, `RewardMailTemplateId`, `RewardMailDelay`, `SourceItemId`, `SourceItemCount`, `SourceSpellId`, `Flags`, `SpecialFlags`, `RewardTitleId`, `RequiredPlayerKills`, `RewardTalents`, `RewardArenaPoints`, `RewardItemId1`, `RewardItemId2`, `RewardItemId3`, `RewardItemId4`, `RewardItemCount1`, `RewardItemCount2`, `RewardItemCount3`, `RewardItemCount4`, `RewardChoiceItemId1`, `RewardChoiceItemId2`, `RewardChoiceItemId3`, `RewardChoiceItemId4`, `RewardChoiceItemId5`, `RewardChoiceItemId6`, `RewardChoiceItemCount1`, `RewardChoiceItemCount2`, `RewardChoiceItemCount3`, `RewardChoiceItemCount4`, `RewardChoiceItemCount5`, `RewardChoiceItemCount6`, `RewardFactionId1`, `RewardFactionId2`, `RewardFactionId3`, `RewardFactionId4`, `RewardFactionId5`, `RewardFactionValueId1`, `RewardFactionValueId2`, `RewardFactionValueId3`, `RewardFactionValueId4`, `RewardFactionValueId5`, `RewardFactionValueIdOverride1`, `RewardFactionValueIdOverride2`, `RewardFactionValueIdOverride3`, `RewardFactionValueIdOverride4`, `RewardFactionValueIdOverride5`, `PointMapId`, `PointX`, `PointY`, `PointOption`, `Title`, `Objectives`, `Details`, `EndText`, `OfferRewardText`, `RequestItemsText`, `CompletedText`, `RequiredNpcOrGo1`, `RequiredNpcOrGo2`, `RequiredNpcOrGo3`, `RequiredNpcOrGo4`, `RequiredNpcOrGoCount1`, `RequiredNpcOrGoCount2`, `RequiredNpcOrGoCount3`, `RequiredNpcOrGoCount4`, `RequiredSourceItemId1`, `RequiredSourceItemId2`, `RequiredSourceItemId3`, `RequiredSourceItemId4`, `RequiredSourceItemCount1`, `RequiredSourceItemCount2`, `RequiredSourceItemCount3`, `RequiredSourceItemCount4`, `RequiredItemId1`, `RequiredItemId2`, `RequiredItemId3`, `RequiredItemId4`, `RequiredItemId5`, `RequiredItemId6`, `RequiredItemCount1`, `RequiredItemCount2`, `RequiredItemCount3`, `RequiredItemCount4`, `RequiredItemCount5`, `RequiredItemCount6`, `RequiredSpellCast1`, `RequiredSpellCast2`, `RequiredSpellCast3`, `RequiredSpellCast4`, `ObjectiveText1`, `ObjectiveText2`, `ObjectiveText3`, `ObjectiveText4`, `DetailsEmote1`, `DetailsEmote2`, `DetailsEmote3`, `DetailsEmote4`, `DetailsEmoteDelay1`, `DetailsEmoteDelay2`, `DetailsEmoteDelay3`, `DetailsEmoteDelay4`, `EmoteOnIncomplete`, `EmoteOnComplete`, `OfferRewardEmote1`, `OfferRewardEmote2`, `OfferRewardEmote3`, `OfferRewardEmote4`, `OfferRewardEmoteDelay1`, `OfferRewardEmoteDelay2`, `OfferRewardEmoteDelay3`, `OfferRewardEmoteDelay4`, `WDBVerified`) VALUES (14075, 2, 1, 1, 0, 4737, 0, 0, 0, 0, 0, 0, 0, 0, 0, 0, 0, 0, 0, 0, 0, 14138, 25473, -14069, 0, 5, 15, 60, 0, 0, 0, 0, 0, 0, 0, 0, 0, 786432, 0, 0, 0, 0, 0, 54293, 54292, 0, 0, 1, 1, 0, 0, 0, 0, 0, 0, 0, 0, 0, 0, 0, 0, 0, 0, 1133, 0, 0, 0, 1168, 5, 0, 0, 0, 9, 0, 0, 0, 0, 0, 0, 0, 0, 0, 'Trouble in the Mines', 'Slay 6 Tunneling Worms.', 'We\'ve got trouble down in the Kaja\'mine again, boss. The tunneling worms have returned and they\'re literally eating away at the Kajaro Trading Company\'s profits!$B$BKaja\'mite mining is down, which is negatively impacting our production of Kaja\'Cola!$B$BI tried calling the exterminator, but he\'s fled with the last payment we made to him.$B$BDo you think you could head into the three mines and take care of it? I\'d help but I still haven\'t attended the cartel-mandated fighter training seminar.', 'Return to Foreman Dampwick at KTC Headquarters on Kezan.', 'I say good riddance to those pests!', '', '', 34865, 0, 0, 0, 6, 0, 0, 0, 0, 0, 0, 0, 0, 0, 0, 0, 0, 0, 0, 0, 0, 0, 0, 0, 0, 0, 0, 0, 0, 0, 0, 0, '', '', '', '', 0, 0, 0, 0, 0, 0, 0, 0, 0, 0, 0, 0, 0, 0, 0, 0, 0, 0, 1);

-- 14069
DELETE FROM `creature_questrelation` WHERE `quest` = 14069;
DELETE FROM `gameobject_questrelation` WHERE `quest` = 14069;
UPDATE `item_template` SET `StartQuest`=0 WHERE `StartQuest` = 14069;
INSERT INTO `creature_questrelation` (`id`, `quest`) VALUES (34872, 14069);
UPDATE `creature_template` SET `npcflag`=`npcflag`|2 WHERE `entry` = 34872;
DELETE FROM `creature_involvedrelation` WHERE `quest` = 14069;
DELETE FROM `gameobject_involvedrelation` WHERE `quest` = 14069;
INSERT INTO `creature_involvedrelation` (`id`, `quest`) VALUES (34872, 14069);
UPDATE `creature_template` SET `npcflag`=`npcflag`|2 WHERE `entry`=34872;
REPLACE INTO `quest_template` (`Id`, `Method`, `Level`, `MinLevel`, `MaxLevel`, `ZoneOrSort`, `Type`, `SuggestedPlayers`, `LimitTime`, `RequiredClasses`, `RequiredRaces`, `RequiredSkillId`, `RequiredSkillPoints`, `RequiredFactionId1`, `RequiredFactionId2`, `RequiredFactionValue1`, `RequiredFactionValue2`, `RequiredMinRepFaction`, `RequiredMaxRepFaction`, `RequiredMinRepValue`, `RequiredMaxRepValue`, `PrevQuestId`, `NextQuestId`, `ExclusiveGroup`, `NextQuestIdChain`, `RewardXPId`, `RewardOrRequiredMoney`, `RewardMoneyMaxLevel`, `RewardSpell`, `RewardSpellCast`, `RewardHonor`, `RewardHonorMultiplier`, `RewardMailTemplateId`, `RewardMailDelay`, `SourceItemId`, `SourceItemCount`, `SourceSpellId`, `Flags`, `SpecialFlags`, `RewardTitleId`, `RequiredPlayerKills`, `RewardTalents`, `RewardArenaPoints`, `RewardItemId1`, `RewardItemId2`, `RewardItemId3`, `RewardItemId4`, `RewardItemCount1`, `RewardItemCount2`, `RewardItemCount3`, `RewardItemCount4`, `RewardChoiceItemId1`, `RewardChoiceItemId2`, `RewardChoiceItemId3`, `RewardChoiceItemId4`, `RewardChoiceItemId5`, `RewardChoiceItemId6`, `RewardChoiceItemCount1`, `RewardChoiceItemCount2`, `RewardChoiceItemCount3`, `RewardChoiceItemCount4`, `RewardChoiceItemCount5`, `RewardChoiceItemCount6`, `RewardFactionId1`, `RewardFactionId2`, `RewardFactionId3`, `RewardFactionId4`, `RewardFactionId5`, `RewardFactionValueId1`, `RewardFactionValueId2`, `RewardFactionValueId3`, `RewardFactionValueId4`, `RewardFactionValueId5`, `RewardFactionValueIdOverride1`, `RewardFactionValueIdOverride2`, `RewardFactionValueIdOverride3`, `RewardFactionValueIdOverride4`, `RewardFactionValueIdOverride5`, `PointMapId`, `PointX`, `PointY`, `PointOption`, `Title`, `Objectives`, `Details`, `EndText`, `OfferRewardText`, `RequestItemsText`, `CompletedText`, `RequiredNpcOrGo1`, `RequiredNpcOrGo2`, `RequiredNpcOrGo3`, `RequiredNpcOrGo4`, `RequiredNpcOrGoCount1`, `RequiredNpcOrGoCount2`, `RequiredNpcOrGoCount3`, `RequiredNpcOrGoCount4`, `RequiredSourceItemId1`, `RequiredSourceItemId2`, `RequiredSourceItemId3`, `RequiredSourceItemId4`, `RequiredSourceItemCount1`, `RequiredSourceItemCount2`, `RequiredSourceItemCount3`, `RequiredSourceItemCount4`, `RequiredItemId1`, `RequiredItemId2`, `RequiredItemId3`, `RequiredItemId4`, `RequiredItemId5`, `RequiredItemId6`, `RequiredItemCount1`, `RequiredItemCount2`, `RequiredItemCount3`, `RequiredItemCount4`, `RequiredItemCount5`, `RequiredItemCount6`, `RequiredSpellCast1`, `RequiredSpellCast2`, `RequiredSpellCast3`, `RequiredSpellCast4`, `ObjectiveText1`, `ObjectiveText2`, `ObjectiveText3`, `ObjectiveText4`, `DetailsEmote1`, `DetailsEmote2`, `DetailsEmote3`, `DetailsEmote4`, `DetailsEmoteDelay1`, `DetailsEmoteDelay2`, `DetailsEmoteDelay3`, `DetailsEmoteDelay4`, `EmoteOnIncomplete`, `EmoteOnComplete`, `OfferRewardEmote1`, `OfferRewardEmote2`, `OfferRewardEmote3`, `OfferRewardEmote4`, `OfferRewardEmoteDelay1`, `OfferRewardEmoteDelay2`, `OfferRewardEmoteDelay3`, `OfferRewardEmoteDelay4`, `WDBVerified`) VALUES (14069, 2, 1, 1, 0, 4737, 0, 0, 0, 0, 0, 0, 0, 0, 0, 0, 0, 0, 0, 0, 0, 14138, 25473, -14069, 0, 5, 15, 60, 0, 0, 0, 0, 0, 0, 0, 0, 0, 786432, 0, 0, 0, 0, 0, 0, 0, 0, 0, 0, 0, 0, 0, 0, 0, 0, 0, 0, 0, 0, 0, 0, 0, 0, 0, 1133, 0, 0, 0, 1168, 5, 0, 0, 0, 9, 0, 0, 0, 0, 0, 0, 0, 0, 0, 'Good Help is Hard to Find', 'Adjust the attitudes of 8 Defiant Trolls.', 'I\'ve failed! I tried to meet our Kaja\'Cola quotas, but you know troll slaves these days. Good help is hard to find!$B$BI think your personal touch is called for. A shock from the battery on your Goblin All-In-1-Der Belt should do the trick. Adjust their attitudes and the rest will fall in line.$B$BKaja\'Cola production must continue or the Trade Prince will have all of our heads!', 'Return to Foreman Dampwick at KTC Headquarters on Kezan.', 'I couldn\'t have done better myself. In fact, I didn\'t.$B$BI\'m sure that in no time at all we\'ll all be talking about the great and powerful, and may I add extremely wealthy, Trade Prince $N!', '', '', 34830, 0, 0, 0, 8, 0, 0, 0, 0, 0, 0, 0, 0, 0, 0, 0, 0, 0, 0, 0, 0, 0, 0, 0, 0, 0, 0, 0, 66306, 0, 0, 0, 'Attitudes Adjusted', '', '', '', 0, 0, 0, 0, 0, 0, 0, 0, 0, 0, 0, 0, 0, 0, 0, 0, 0, 0, 1);

-- 25473
DELETE FROM `creature_questrelation` WHERE `quest` = 25473;
DELETE FROM `gameobject_questrelation` WHERE `quest` = 25473;
UPDATE `item_template` SET `StartQuest`=0 WHERE `StartQuest` = 25473;
INSERT INTO `creature_questrelation` (`id`, `quest`) VALUES (34872, 25473);
UPDATE `creature_template` SET `npcflag`=`npcflag`|2 WHERE `entry` = 34872;
DELETE FROM `creature_involvedrelation` WHERE `quest` = 25473;
DELETE FROM `gameobject_involvedrelation` WHERE `quest` = 25473;
INSERT INTO `creature_involvedrelation` (`id`, `quest`) VALUES (34668, 25473);
UPDATE `creature_template` SET `npcflag`=`npcflag`|2 WHERE `entry`=34668;
REPLACE INTO `quest_template` (`Id`, `Method`, `Level`, `MinLevel`, `MaxLevel`, `ZoneOrSort`, `Type`, `SuggestedPlayers`, `LimitTime`, `RequiredClasses`, `RequiredRaces`, `RequiredSkillId`, `RequiredSkillPoints`, `RequiredFactionId1`, `RequiredFactionId2`, `RequiredFactionValue1`, `RequiredFactionValue2`, `RequiredMinRepFaction`, `RequiredMaxRepFaction`, `RequiredMinRepValue`, `RequiredMaxRepValue`, `PrevQuestId`, `NextQuestId`, `ExclusiveGroup`, `NextQuestIdChain`, `RewardXPId`, `RewardOrRequiredMoney`, `RewardMoneyMaxLevel`, `RewardSpell`, `RewardSpellCast`, `RewardHonor`, `RewardHonorMultiplier`, `RewardMailTemplateId`, `RewardMailDelay`, `SourceItemId`, `SourceItemCount`, `SourceSpellId`, `Flags`, `SpecialFlags`, `RewardTitleId`, `RequiredPlayerKills`, `RewardTalents`, `RewardArenaPoints`, `RewardItemId1`, `RewardItemId2`, `RewardItemId3`, `RewardItemId4`, `RewardItemCount1`, `RewardItemCount2`, `RewardItemCount3`, `RewardItemCount4`, `RewardChoiceItemId1`, `RewardChoiceItemId2`, `RewardChoiceItemId3`, `RewardChoiceItemId4`, `RewardChoiceItemId5`, `RewardChoiceItemId6`, `RewardChoiceItemCount1`, `RewardChoiceItemCount2`, `RewardChoiceItemCount3`, `RewardChoiceItemCount4`, `RewardChoiceItemCount5`, `RewardChoiceItemCount6`, `RewardFactionId1`, `RewardFactionId2`, `RewardFactionId3`, `RewardFactionId4`, `RewardFactionId5`, `RewardFactionValueId1`, `RewardFactionValueId2`, `RewardFactionValueId3`, `RewardFactionValueId4`, `RewardFactionValueId5`, `RewardFactionValueIdOverride1`, `RewardFactionValueIdOverride2`, `RewardFactionValueIdOverride3`, `RewardFactionValueIdOverride4`, `RewardFactionValueIdOverride5`, `PointMapId`, `PointX`, `PointY`, `PointOption`, `Title`, `Objectives`, `Details`, `EndText`, `OfferRewardText`, `RequestItemsText`, `CompletedText`, `RequiredNpcOrGo1`, `RequiredNpcOrGo2`, `RequiredNpcOrGo3`, `RequiredNpcOrGo4`, `RequiredNpcOrGoCount1`, `RequiredNpcOrGoCount2`, `RequiredNpcOrGoCount3`, `RequiredNpcOrGoCount4`, `RequiredSourceItemId1`, `RequiredSourceItemId2`, `RequiredSourceItemId3`, `RequiredSourceItemId4`, `RequiredSourceItemCount1`, `RequiredSourceItemCount2`, `RequiredSourceItemCount3`, `RequiredSourceItemCount4`, `RequiredItemId1`, `RequiredItemId2`, `RequiredItemId3`, `RequiredItemId4`, `RequiredItemId5`, `RequiredItemId6`, `RequiredItemCount1`, `RequiredItemCount2`, `RequiredItemCount3`, `RequiredItemCount4`, `RequiredItemCount5`, `RequiredItemCount6`, `RequiredSpellCast1`, `RequiredSpellCast2`, `RequiredSpellCast3`, `RequiredSpellCast4`, `ObjectiveText1`, `ObjectiveText2`, `ObjectiveText3`, `ObjectiveText4`, `DetailsEmote1`, `DetailsEmote2`, `DetailsEmote3`, `DetailsEmote4`, `DetailsEmoteDelay1`, `DetailsEmoteDelay2`, `DetailsEmoteDelay3`, `DetailsEmoteDelay4`, `EmoteOnIncomplete`, `EmoteOnComplete`, `OfferRewardEmote1`, `OfferRewardEmote2`, `OfferRewardEmote3`, `OfferRewardEmote4`, `OfferRewardEmoteDelay1`, `OfferRewardEmoteDelay2`, `OfferRewardEmoteDelay3`, `OfferRewardEmoteDelay4`, `WDBVerified`) VALUES (25473, 2, 2, 1, 0, 4737, 0, 0, 0, 0, 0, 0, 0, 0, 0, 0, 0, 0, 0, 0, 0, 0, 0, 0, 0, 1, 3, 0, 0, 0, 0, 0, 0, 0, 54453, 1, 0, 786432, 0, 0, 0, 0, 0, 49884, 0, 0, 0, 1, 0, 0, 0, 0, 0, 0, 0, 0, 0, 0, 0, 0, 0, 0, 0, 1133, 0, 0, 0, 1168, 1, 0, 0, 0, 9, 0, 0, 0, 0, 0, 0, 0, 0, 0, 'Kaja\'Cola', 'Deliver the Six-Pack of Kaja\'Cola to Sassy Hardwrench at KTC Headquarters on Kezan.', 'Sassy\'s been riding me to supply some Kaja\'cola for the party that\'s being thrown in your honor later today.$B$BOops, was it supposed to be a surprise? You didn\'t hear it from me!$B$BAnywho, with production down these last few days, this is all that I managed to get made. Would you take it to her?', '', 'Just so you know, you\'ll find Kaja\'Cola all over town. It\'s the Bilgewater Cartel\'s best-selling product of all time!$B$BJust remember, image is everything if we\'re going to get you promoted to Trade Prince! No, wait, profits are everything! Explosions are a close second! Then, image!', '', '', 0, 0, 0, 0, 0, 0, 0, 0, 0, 0, 0, 0, 0, 0, 0, 0, 54453, 0, 0, 0, 0, 0, 1, 0, 0, 0, 0, 0, 0, 0, 0, 0, '', '', '', '', 0, 0, 0, 0, 0, 0, 0, 0, 0, 0, 0, 0, 0, 0, 0, 0, 0, 0, 1);

-- 14070
DELETE FROM `creature_questrelation` WHERE `quest` = 14070;
DELETE FROM `gameobject_questrelation` WHERE `quest` = 14070;
UPDATE `item_template` SET `StartQuest`=0 WHERE `StartQuest` = 14070;
INSERT INTO `creature_questrelation` (`id`, `quest`) VALUES (34668, 14070);
UPDATE `creature_template` SET `npcflag`=`npcflag`|2 WHERE `entry` = 34668;
DELETE FROM `creature_involvedrelation` WHERE `quest` = 14070;
DELETE FROM `gameobject_involvedrelation` WHERE `quest` = 14070;
INSERT INTO `creature_involvedrelation` (`id`, `quest`) VALUES (34668, 14070);
UPDATE `creature_template` SET `npcflag`=`npcflag`|2 WHERE `entry`=34668;
REPLACE INTO `quest_template` (`Id`, `Method`, `Level`, `MinLevel`, `MaxLevel`, `ZoneOrSort`, `Type`, `SuggestedPlayers`, `LimitTime`, `RequiredClasses`, `RequiredRaces`, `RequiredSkillId`, `RequiredSkillPoints`, `RequiredFactionId1`, `RequiredFactionId2`, `RequiredFactionValue1`, `RequiredFactionValue2`, `RequiredMinRepFaction`, `RequiredMaxRepFaction`, `RequiredMinRepValue`, `RequiredMaxRepValue`, `PrevQuestId`, `NextQuestId`, `ExclusiveGroup`, `NextQuestIdChain`, `RewardXPId`, `RewardOrRequiredMoney`, `RewardMoneyMaxLevel`, `RewardSpell`, `RewardSpellCast`, `RewardHonor`, `RewardHonorMultiplier`, `RewardMailTemplateId`, `RewardMailDelay`, `SourceItemId`, `SourceItemCount`, `SourceSpellId`, `Flags`, `SpecialFlags`, `RewardTitleId`, `RequiredPlayerKills`, `RewardTalents`, `RewardArenaPoints`, `RewardItemId1`, `RewardItemId2`, `RewardItemId3`, `RewardItemId4`, `RewardItemCount1`, `RewardItemCount2`, `RewardItemCount3`, `RewardItemCount4`, `RewardChoiceItemId1`, `RewardChoiceItemId2`, `RewardChoiceItemId3`, `RewardChoiceItemId4`, `RewardChoiceItemId5`, `RewardChoiceItemId6`, `RewardChoiceItemCount1`, `RewardChoiceItemCount2`, `RewardChoiceItemCount3`, `RewardChoiceItemCount4`, `RewardChoiceItemCount5`, `RewardChoiceItemCount6`, `RewardFactionId1`, `RewardFactionId2`, `RewardFactionId3`, `RewardFactionId4`, `RewardFactionId5`, `RewardFactionValueId1`, `RewardFactionValueId2`, `RewardFactionValueId3`, `RewardFactionValueId4`, `RewardFactionValueId5`, `RewardFactionValueIdOverride1`, `RewardFactionValueIdOverride2`, `RewardFactionValueIdOverride3`, `RewardFactionValueIdOverride4`, `RewardFactionValueIdOverride5`, `PointMapId`, `PointX`, `PointY`, `PointOption`, `Title`, `Objectives`, `Details`, `EndText`, `OfferRewardText`, `RequestItemsText`, `CompletedText`, `RequiredNpcOrGo1`, `RequiredNpcOrGo2`, `RequiredNpcOrGo3`, `RequiredNpcOrGo4`, `RequiredNpcOrGoCount1`, `RequiredNpcOrGoCount2`, `RequiredNpcOrGoCount3`, `RequiredNpcOrGoCount4`, `RequiredSourceItemId1`, `RequiredSourceItemId2`, `RequiredSourceItemId3`, `RequiredSourceItemId4`, `RequiredSourceItemCount1`, `RequiredSourceItemCount2`, `RequiredSourceItemCount3`, `RequiredSourceItemCount4`, `RequiredItemId1`, `RequiredItemId2`, `RequiredItemId3`, `RequiredItemId4`, `RequiredItemId5`, `RequiredItemId6`, `RequiredItemCount1`, `RequiredItemCount2`, `RequiredItemCount3`, `RequiredItemCount4`, `RequiredItemCount5`, `RequiredItemCount6`, `RequiredSpellCast1`, `RequiredSpellCast2`, `RequiredSpellCast3`, `RequiredSpellCast4`, `ObjectiveText1`, `ObjectiveText2`, `ObjectiveText3`, `ObjectiveText4`, `DetailsEmote1`, `DetailsEmote2`, `DetailsEmote3`, `DetailsEmote4`, `DetailsEmoteDelay1`, `DetailsEmoteDelay2`, `DetailsEmoteDelay3`, `DetailsEmoteDelay4`, `EmoteOnIncomplete`, `EmoteOnComplete`, `OfferRewardEmote1`, `OfferRewardEmote2`, `OfferRewardEmote3`, `OfferRewardEmote4`, `OfferRewardEmoteDelay1`, `OfferRewardEmoteDelay2`, `OfferRewardEmoteDelay3`, `OfferRewardEmoteDelay4`, `WDBVerified`) VALUES (14070, 2, 3, 1, 0, 4737, 0, 0, 0, 0, 0, 0, 0, 0, 0, 0, 0, 0, 0, 0, 0, 25473, 0, 0, 0, 5, 50, 150, 0, 0, 0, 0, 0, 0, 0, 0, 0, 786432, 0, 0, 0, 0, 0, 0, 0, 0, 0, 0, 0, 0, 0, 54296, 54297, 0, 0, 0, 0, 1, 1, 0, 0, 0, 0, 1133, 0, 0, 0, 1168, 5, 0, 0, 0, 9, 0, 0, 0, 0, 0, 0, 0, 0, 0, 'Do it Yourself', 'Beat down Bruno Flameretardant, Frankie Gearslipper, Mack the Hammer, and Sudsy Magee.', 'We need to send a message to several deadbeats. Of course, they\'re hiding out in Drudgetown, the scum. I know how you hate going into the slums, boss-$g man : lady;, but what can we do?$B$B<Sassy rifles through some paperwork.>$B$BI have all of the names right here.$B$BMight I suggest a little \'personal visit\'? A couple of strategic beatdowns will send a message to the other debtors AND your competition.$B$B$N is not a goblin to be trifled with!', 'Return to Sassy Hardwrench at KTC Headquarters on Kezan.', 'A complete success if I do say so myself, sir! Your debtors will think twice now about not paying up!$B$B$B$BPerhaps we should increase interest rates on loans across the board?', '', '', 34835, 34876, 34877, 34878, 1, 1, 1, 1, 0, 0, 0, 0, 0, 0, 0, 0, 0, 0, 0, 0, 0, 0, 0, 0, 0, 0, 0, 0, 0, 0, 0, 0, 'Bruno Flameretardant beaten down', 'Frankie Gearslipper beaten down', 'Jack the Hammer beaten down', 'Sudsy Magee beaten down', 0, 0, 0, 0, 0, 0, 0, 0, 0, 0, 0, 0, 0, 0, 0, 0, 0, 0, 1);

-- 28349
DELETE FROM `creature_questrelation` WHERE `quest` = 28349;
DELETE FROM `gameobject_questrelation` WHERE `quest` = 28349;
UPDATE `item_template` SET `StartQuest`=0 WHERE `StartQuest` = 28349;
INSERT INTO `creature_questrelation` (`id`, `quest`) VALUES (34668, 28349);
UPDATE `creature_template` SET `npcflag`=`npcflag`|2 WHERE `entry` = 34668;
DELETE FROM `creature_involvedrelation` WHERE `quest` = 28349;
DELETE FROM `gameobject_involvedrelation` WHERE `quest` = 28349;
INSERT INTO `creature_involvedrelation` (`id`, `quest`) VALUES (34874, 28349);
UPDATE `creature_template` SET `npcflag`=`npcflag`|2 WHERE `entry`=34874;
REPLACE INTO `quest_template` (`Id`, `Method`, `Level`, `MinLevel`, `MaxLevel`, `ZoneOrSort`, `Type`, `SuggestedPlayers`, `LimitTime`, `RequiredClasses`, `RequiredRaces`, `RequiredSkillId`, `RequiredSkillPoints`, `RequiredFactionId1`, `RequiredFactionId2`, `RequiredFactionValue1`, `RequiredFactionValue2`, `RequiredMinRepFaction`, `RequiredMaxRepFaction`, `RequiredMinRepValue`, `RequiredMaxRepValue`, `PrevQuestId`, `NextQuestId`, `ExclusiveGroup`, `NextQuestIdChain`, `RewardXPId`, `RewardOrRequiredMoney`, `RewardMoneyMaxLevel`, `RewardSpell`, `RewardSpellCast`, `RewardHonor`, `RewardHonorMultiplier`, `RewardMailTemplateId`, `RewardMailDelay`, `SourceItemId`, `SourceItemCount`, `SourceSpellId`, `Flags`, `SpecialFlags`, `RewardTitleId`, `RequiredPlayerKills`, `RewardTalents`, `RewardArenaPoints`, `RewardItemId1`, `RewardItemId2`, `RewardItemId3`, `RewardItemId4`, `RewardItemCount1`, `RewardItemCount2`, `RewardItemCount3`, `RewardItemCount4`, `RewardChoiceItemId1`, `RewardChoiceItemId2`, `RewardChoiceItemId3`, `RewardChoiceItemId4`, `RewardChoiceItemId5`, `RewardChoiceItemId6`, `RewardChoiceItemCount1`, `RewardChoiceItemCount2`, `RewardChoiceItemCount3`, `RewardChoiceItemCount4`, `RewardChoiceItemCount5`, `RewardChoiceItemCount6`, `RewardFactionId1`, `RewardFactionId2`, `RewardFactionId3`, `RewardFactionId4`, `RewardFactionId5`, `RewardFactionValueId1`, `RewardFactionValueId2`, `RewardFactionValueId3`, `RewardFactionValueId4`, `RewardFactionValueId5`, `RewardFactionValueIdOverride1`, `RewardFactionValueIdOverride2`, `RewardFactionValueIdOverride3`, `RewardFactionValueIdOverride4`, `RewardFactionValueIdOverride5`, `PointMapId`, `PointX`, `PointY`, `PointOption`, `Title`, `Objectives`, `Details`, `EndText`, `OfferRewardText`, `RequestItemsText`, `CompletedText`, `RequiredNpcOrGo1`, `RequiredNpcOrGo2`, `RequiredNpcOrGo3`, `RequiredNpcOrGo4`, `RequiredNpcOrGoCount1`, `RequiredNpcOrGoCount2`, `RequiredNpcOrGoCount3`, `RequiredNpcOrGoCount4`, `RequiredSourceItemId1`, `RequiredSourceItemId2`, `RequiredSourceItemId3`, `RequiredSourceItemId4`, `RequiredSourceItemCount1`, `RequiredSourceItemCount2`, `RequiredSourceItemCount3`, `RequiredSourceItemCount4`, `RequiredItemId1`, `RequiredItemId2`, `RequiredItemId3`, `RequiredItemId4`, `RequiredItemId5`, `RequiredItemId6`, `RequiredItemCount1`, `RequiredItemCount2`, `RequiredItemCount3`, `RequiredItemCount4`, `RequiredItemCount5`, `RequiredItemCount6`, `RequiredSpellCast1`, `RequiredSpellCast2`, `RequiredSpellCast3`, `RequiredSpellCast4`, `ObjectiveText1`, `ObjectiveText2`, `ObjectiveText3`, `ObjectiveText4`, `DetailsEmote1`, `DetailsEmote2`, `DetailsEmote3`, `DetailsEmote4`, `DetailsEmoteDelay1`, `DetailsEmoteDelay2`, `DetailsEmoteDelay3`, `DetailsEmoteDelay4`, `EmoteOnIncomplete`, `EmoteOnComplete`, `OfferRewardEmote1`, `OfferRewardEmote2`, `OfferRewardEmote3`, `OfferRewardEmote4`, `OfferRewardEmoteDelay1`, `OfferRewardEmoteDelay2`, `OfferRewardEmoteDelay3`, `OfferRewardEmoteDelay4`, `WDBVerified`) VALUES (28349, 2, 3, 1, 0, 4737, 0, 0, 0, 0, 0, 0, 0, 0, 0, 0, 0, 0, 0, 0, 0, 25473, 0, 0, 14071, 1, 0, 0, 0, 0, 0, 0, 0, 0, 0, 0, 0, 786432, 0, 0, 0, 0, 0, 0, 0, 0, 0, 0, 0, 0, 0, 0, 0, 0, 0, 0, 0, 0, 0, 0, 0, 0, 0, 1133, 0, 0, 0, 1168, 1, 0, 0, 0, 9, 0, 0, 0, 0, 0, 0, 0, 0, 0, 'Megs in Marketing', 'Speak with Megs Dreadshredder at KTC Headquarters on Kezan.', 'Boss, while you were down at the mines, Megs Dreadshredder in marketing was asking for you. Something about your new ride?$B$BShe\'s right outside the building to the left.', '', 'There he is! I think you\'re going to like this!', '', '', 0, 0, 0, 0, 0, 0, 0, 0, 0, 0, 0, 0, 0, 0, 0, 0, 0, 0, 0, 0, 0, 0, 0, 0, 0, 0, 0, 0, 0, 0, 0, 0, '', '', '', '', 0, 0, 0, 0, 0, 0, 0, 0, 0, 0, 0, 0, 0, 0, 0, 0, 0, 0, 1);

-- 14071
DELETE FROM `creature_questrelation` WHERE `quest` = 14071;
DELETE FROM `gameobject_questrelation` WHERE `quest` = 14071;
UPDATE `item_template` SET `StartQuest`=0 WHERE `StartQuest` = 14071;
INSERT INTO `creature_questrelation` (`id`, `quest`) VALUES (34874, 14071);
UPDATE `creature_template` SET `npcflag`=`npcflag`|2 WHERE `entry` = 34874;
INSERT INTO `creature_questrelation` (`id`, `quest`) VALUES (34957, 14071);
UPDATE `creature_template` SET `npcflag`=`npcflag`|2 WHERE `entry` = 34957;
INSERT INTO `creature_questrelation` (`id`, `quest`) VALUES (34958, 14071);
UPDATE `creature_template` SET `npcflag`=`npcflag`|2 WHERE `entry` = 34958;
INSERT INTO `creature_questrelation` (`id`, `quest`) VALUES (34959, 14071);
UPDATE `creature_template` SET `npcflag`=`npcflag`|2 WHERE `entry` = 34959;
DELETE FROM `creature_involvedrelation` WHERE `quest` = 14071;
DELETE FROM `gameobject_involvedrelation` WHERE `quest` = 14071;
INSERT INTO `creature_involvedrelation` (`id`, `quest`) VALUES (34874, 14071);
UPDATE `creature_template` SET `npcflag`=`npcflag`|2 WHERE `entry`=34874;
REPLACE INTO `quest_template` (`Id`, `Method`, `Level`, `MinLevel`, `MaxLevel`, `ZoneOrSort`, `Type`, `SuggestedPlayers`, `LimitTime`, `RequiredClasses`, `RequiredRaces`, `RequiredSkillId`, `RequiredSkillPoints`, `RequiredFactionId1`, `RequiredFactionId2`, `RequiredFactionValue1`, `RequiredFactionValue2`, `RequiredMinRepFaction`, `RequiredMaxRepFaction`, `RequiredMinRepValue`, `RequiredMaxRepValue`, `PrevQuestId`, `NextQuestId`, `ExclusiveGroup`, `NextQuestIdChain`, `RewardXPId`, `RewardOrRequiredMoney`, `RewardMoneyMaxLevel`, `RewardSpell`, `RewardSpellCast`, `RewardHonor`, `RewardHonorMultiplier`, `RewardMailTemplateId`, `RewardMailDelay`, `SourceItemId`, `SourceItemCount`, `SourceSpellId`, `Flags`, `SpecialFlags`, `RewardTitleId`, `RequiredPlayerKills`, `RewardTalents`, `RewardArenaPoints`, `RewardItemId1`, `RewardItemId2`, `RewardItemId3`, `RewardItemId4`, `RewardItemCount1`, `RewardItemCount2`, `RewardItemCount3`, `RewardItemCount4`, `RewardChoiceItemId1`, `RewardChoiceItemId2`, `RewardChoiceItemId3`, `RewardChoiceItemId4`, `RewardChoiceItemId5`, `RewardChoiceItemId6`, `RewardChoiceItemCount1`, `RewardChoiceItemCount2`, `RewardChoiceItemCount3`, `RewardChoiceItemCount4`, `RewardChoiceItemCount5`, `RewardChoiceItemCount6`, `RewardFactionId1`, `RewardFactionId2`, `RewardFactionId3`, `RewardFactionId4`, `RewardFactionId5`, `RewardFactionValueId1`, `RewardFactionValueId2`, `RewardFactionValueId3`, `RewardFactionValueId4`, `RewardFactionValueId5`, `RewardFactionValueIdOverride1`, `RewardFactionValueIdOverride2`, `RewardFactionValueIdOverride3`, `RewardFactionValueIdOverride4`, `RewardFactionValueIdOverride5`, `PointMapId`, `PointX`, `PointY`, `PointOption`, `Title`, `Objectives`, `Details`, `EndText`, `OfferRewardText`, `RequestItemsText`, `CompletedText`, `RequiredNpcOrGo1`, `RequiredNpcOrGo2`, `RequiredNpcOrGo3`, `RequiredNpcOrGo4`, `RequiredNpcOrGoCount1`, `RequiredNpcOrGoCount2`, `RequiredNpcOrGoCount3`, `RequiredNpcOrGoCount4`, `RequiredSourceItemId1`, `RequiredSourceItemId2`, `RequiredSourceItemId3`, `RequiredSourceItemId4`, `RequiredSourceItemCount1`, `RequiredSourceItemCount2`, `RequiredSourceItemCount3`, `RequiredSourceItemCount4`, `RequiredItemId1`, `RequiredItemId2`, `RequiredItemId3`, `RequiredItemId4`, `RequiredItemId5`, `RequiredItemId6`, `RequiredItemCount1`, `RequiredItemCount2`, `RequiredItemCount3`, `RequiredItemCount4`, `RequiredItemCount5`, `RequiredItemCount6`, `RequiredSpellCast1`, `RequiredSpellCast2`, `RequiredSpellCast3`, `RequiredSpellCast4`, `ObjectiveText1`, `ObjectiveText2`, `ObjectiveText3`, `ObjectiveText4`, `DetailsEmote1`, `DetailsEmote2`, `DetailsEmote3`, `DetailsEmote4`, `DetailsEmoteDelay1`, `DetailsEmoteDelay2`, `DetailsEmoteDelay3`, `DetailsEmoteDelay4`, `EmoteOnIncomplete`, `EmoteOnComplete`, `OfferRewardEmote1`, `OfferRewardEmote2`, `OfferRewardEmote3`, `OfferRewardEmote4`, `OfferRewardEmoteDelay1`, `OfferRewardEmoteDelay2`, `OfferRewardEmoteDelay3`, `OfferRewardEmoteDelay4`, `WDBVerified`) VALUES (14071, 2, 3, 1, 0, 4737, 0, 0, 0, 0, 0, 0, 0, 0, 0, 0, 0, 0, 0, 0, 0, 28349, 0, 0, 24567, 5, 50, 150, 0, 0, 0, 0, 0, 0, 46856, 1, 0, 0, 0, 0, 0, 0, 0, 0, 0, 0, 0, 0, 0, 0, 0, 54298, 54299, 54300, 0, 0, 0, 1, 1, 1, 0, 0, 0, 1133, 0, 0, 0, 1168, 5, 0, 0, 0, 9, 0, 0, 0, 0, 0, 0, 0, 0, 0, 'Rolling with my Homies', 'Drive the Hot Rod around and pickup your friends: Ace, Gobber, and Izzy.', '$N, you\'re about to host the corporate party to end all corporate parties. My research says that if you\'re seen having a good time at the party, your promotion quotient will skyrocket and explode!$B$BSo, with that in mind, might I suggest that you take your new company hot rod out for a spin?$B$BGo pick up your friends. Just remember me on the way up when it all comes together and you\'re the new Trade $g Prince : Princess;, okay?', 'Return to Megs Dreadshredder at KTC Headquarters on Kezan.', 'Well done, sir. You all look very good riding around in the hot rod. I\'m sure you made quite an impression on the citizenry.', '', '', 48323, 34959, 34957, 34958, 1, 1, 1, 1, 0, 0, 0, 0, 0, 0, 0, 0, 46856, 0, 0, 0, 0, 0, 1, 0, 0, 0, 0, 0, 0, 0, 0, 0, 'Keys to the Hot Rod used', 'Izzy picked up', 'Ace picked up', 'Gobber picked up', 0, 0, 0, 0, 0, 0, 0, 0, 0, 0, 0, 0, 0, 0, 0, 0, 0, 0, 1);

-- 24567
DELETE FROM `creature_questrelation` WHERE `quest` = 24567;
DELETE FROM `gameobject_questrelation` WHERE `quest` = 24567;
UPDATE `item_template` SET `StartQuest`=0 WHERE `StartQuest` = 24567;
INSERT INTO `creature_questrelation` (`id`, `quest`) VALUES (34874, 24567);
UPDATE `creature_template` SET `npcflag`=`npcflag`|2 WHERE `entry` = 34874;
DELETE FROM `creature_involvedrelation` WHERE `quest` = 24567;
DELETE FROM `gameobject_involvedrelation` WHERE `quest` = 24567;
INSERT INTO `creature_involvedrelation` (`id`, `quest`) VALUES (37106, 24567);
UPDATE `creature_template` SET `npcflag`=`npcflag`|2 WHERE `entry`=37106;
REPLACE INTO `quest_template` (`Id`, `Method`, `Level`, `MinLevel`, `MaxLevel`, `ZoneOrSort`, `Type`, `SuggestedPlayers`, `LimitTime`, `RequiredClasses`, `RequiredRaces`, `RequiredSkillId`, `RequiredSkillPoints`, `RequiredFactionId1`, `RequiredFactionId2`, `RequiredFactionValue1`, `RequiredFactionValue2`, `RequiredMinRepFaction`, `RequiredMaxRepFaction`, `RequiredMinRepValue`, `RequiredMaxRepValue`, `PrevQuestId`, `NextQuestId`, `ExclusiveGroup`, `NextQuestIdChain`, `RewardXPId`, `RewardOrRequiredMoney`, `RewardMoneyMaxLevel`, `RewardSpell`, `RewardSpellCast`, `RewardHonor`, `RewardHonorMultiplier`, `RewardMailTemplateId`, `RewardMailDelay`, `SourceItemId`, `SourceItemCount`, `SourceSpellId`, `Flags`, `SpecialFlags`, `RewardTitleId`, `RequiredPlayerKills`, `RewardTalents`, `RewardArenaPoints`, `RewardItemId1`, `RewardItemId2`, `RewardItemId3`, `RewardItemId4`, `RewardItemCount1`, `RewardItemCount2`, `RewardItemCount3`, `RewardItemCount4`, `RewardChoiceItemId1`, `RewardChoiceItemId2`, `RewardChoiceItemId3`, `RewardChoiceItemId4`, `RewardChoiceItemId5`, `RewardChoiceItemId6`, `RewardChoiceItemCount1`, `RewardChoiceItemCount2`, `RewardChoiceItemCount3`, `RewardChoiceItemCount4`, `RewardChoiceItemCount5`, `RewardChoiceItemCount6`, `RewardFactionId1`, `RewardFactionId2`, `RewardFactionId3`, `RewardFactionId4`, `RewardFactionId5`, `RewardFactionValueId1`, `RewardFactionValueId2`, `RewardFactionValueId3`, `RewardFactionValueId4`, `RewardFactionValueId5`, `RewardFactionValueIdOverride1`, `RewardFactionValueIdOverride2`, `RewardFactionValueIdOverride3`, `RewardFactionValueIdOverride4`, `RewardFactionValueIdOverride5`, `PointMapId`, `PointX`, `PointY`, `PointOption`, `Title`, `Objectives`, `Details`, `EndText`, `OfferRewardText`, `RequestItemsText`, `CompletedText`, `RequiredNpcOrGo1`, `RequiredNpcOrGo2`, `RequiredNpcOrGo3`, `RequiredNpcOrGo4`, `RequiredNpcOrGoCount1`, `RequiredNpcOrGoCount2`, `RequiredNpcOrGoCount3`, `RequiredNpcOrGoCount4`, `RequiredSourceItemId1`, `RequiredSourceItemId2`, `RequiredSourceItemId3`, `RequiredSourceItemId4`, `RequiredSourceItemCount1`, `RequiredSourceItemCount2`, `RequiredSourceItemCount3`, `RequiredSourceItemCount4`, `RequiredItemId1`, `RequiredItemId2`, `RequiredItemId3`, `RequiredItemId4`, `RequiredItemId5`, `RequiredItemId6`, `RequiredItemCount1`, `RequiredItemCount2`, `RequiredItemCount3`, `RequiredItemCount4`, `RequiredItemCount5`, `RequiredItemCount6`, `RequiredSpellCast1`, `RequiredSpellCast2`, `RequiredSpellCast3`, `RequiredSpellCast4`, `ObjectiveText1`, `ObjectiveText2`, `ObjectiveText3`, `ObjectiveText4`, `DetailsEmote1`, `DetailsEmote2`, `DetailsEmote3`, `DetailsEmote4`, `DetailsEmoteDelay1`, `DetailsEmoteDelay2`, `DetailsEmoteDelay3`, `DetailsEmoteDelay4`, `EmoteOnIncomplete`, `EmoteOnComplete`, `OfferRewardEmote1`, `OfferRewardEmote2`, `OfferRewardEmote3`, `OfferRewardEmote4`, `OfferRewardEmoteDelay1`, `OfferRewardEmoteDelay2`, `OfferRewardEmoteDelay3`, `OfferRewardEmoteDelay4`, `WDBVerified`) VALUES (24567, 2, 3, 1, 0, 4737, 0, 0, 0, 0, 0, 0, 0, 0, 0, 0, 0, 0, 0, 0, 0, 14071, 0, 0, 24488, 1, 0, 0, 0, 0, 0, 0, 0, 0, 0, 0, 0, 786432, 0, 0, 0, 0, 0, 0, 0, 0, 0, 0, 0, 0, 0, 0, 0, 0, 0, 0, 0, 0, 0, 0, 0, 0, 0, 1133, 0, 0, 0, 1168, 1, 0, 0, 0, 9, 0, 0, 0, 0, 0, 0, 0, 0, 0, 'Report for Tryouts', 'Speak with Coach Crosscheck at Kajaro Field on Kezan.', '$N, Coach Crosscheck is looking for you. He\'s the leader of our fearless footbomb team, the Bilgewater Buccaneers.$B$BHe says that the division title against the Steamwheedle Sharks is on the line and that you\'re the only one that can bring it home for us!$B$BHead west into town. You can\'t miss Kajaro Field.$B$BA footbomb star. This is going to be great for your image!', '', 'There you are, my boy! Quick, there\'s no time to waste! We need to get one of these shredders back in working order.$B$BI\'m bringing you off the bench... you\'re going to win the game and the title for us!', '', '', 0, 0, 0, 0, 0, 0, 0, 0, 0, 0, 0, 0, 0, 0, 0, 0, 0, 0, 0, 0, 0, 0, 0, 0, 0, 0, 0, 0, 0, 0, 0, 0, '', '', '', '', 0, 0, 0, 0, 0, 0, 0, 0, 0, 0, 0, 0, 0, 0, 0, 0, 0, 0, 1);

-- 28607
DELETE FROM `creature_questrelation` WHERE `quest` = 28607;
DELETE FROM `gameobject_questrelation` WHERE `quest` = 28607;
UPDATE `item_template` SET `StartQuest`=0 WHERE `StartQuest` = 28607;
INSERT INTO `creature_questrelation` (`id`, `quest`) VALUES (34874, 28607);
UPDATE `creature_template` SET `npcflag`=`npcflag`|2 WHERE `entry` = 34874;
DELETE FROM `creature_involvedrelation` WHERE `quest` = 28607;
DELETE FROM `gameobject_involvedrelation` WHERE `quest` = 28607;
INSERT INTO `creature_involvedrelation` (`id`, `quest`) VALUES (34874, 28607);
UPDATE `creature_template` SET `npcflag`=`npcflag`|2 WHERE `entry`=34874;
REPLACE INTO `quest_template` (`Id`, `Method`, `Level`, `MinLevel`, `MaxLevel`, `ZoneOrSort`, `Type`, `SuggestedPlayers`, `LimitTime`, `RequiredClasses`, `RequiredRaces`, `RequiredSkillId`, `RequiredSkillPoints`, `RequiredFactionId1`, `RequiredFactionId2`, `RequiredFactionValue1`, `RequiredFactionValue2`, `RequiredMinRepFaction`, `RequiredMaxRepFaction`, `RequiredMinRepValue`, `RequiredMaxRepValue`, `PrevQuestId`, `NextQuestId`, `ExclusiveGroup`, `NextQuestIdChain`, `RewardXPId`, `RewardOrRequiredMoney`, `RewardMoneyMaxLevel`, `RewardSpell`, `RewardSpellCast`, `RewardHonor`, `RewardHonorMultiplier`, `RewardMailTemplateId`, `RewardMailDelay`, `SourceItemId`, `SourceItemCount`, `SourceSpellId`, `Flags`, `SpecialFlags`, `RewardTitleId`, `RequiredPlayerKills`, `RewardTalents`, `RewardArenaPoints`, `RewardItemId1`, `RewardItemId2`, `RewardItemId3`, `RewardItemId4`, `RewardItemCount1`, `RewardItemCount2`, `RewardItemCount3`, `RewardItemCount4`, `RewardChoiceItemId1`, `RewardChoiceItemId2`, `RewardChoiceItemId3`, `RewardChoiceItemId4`, `RewardChoiceItemId5`, `RewardChoiceItemId6`, `RewardChoiceItemCount1`, `RewardChoiceItemCount2`, `RewardChoiceItemCount3`, `RewardChoiceItemCount4`, `RewardChoiceItemCount5`, `RewardChoiceItemCount6`, `RewardFactionId1`, `RewardFactionId2`, `RewardFactionId3`, `RewardFactionId4`, `RewardFactionId5`, `RewardFactionValueId1`, `RewardFactionValueId2`, `RewardFactionValueId3`, `RewardFactionValueId4`, `RewardFactionValueId5`, `RewardFactionValueIdOverride1`, `RewardFactionValueIdOverride2`, `RewardFactionValueIdOverride3`, `RewardFactionValueIdOverride4`, `RewardFactionValueIdOverride5`, `PointMapId`, `PointX`, `PointY`, `PointOption`, `Title`, `Objectives`, `Details`, `EndText`, `OfferRewardText`, `RequestItemsText`, `CompletedText`, `RequiredNpcOrGo1`, `RequiredNpcOrGo2`, `RequiredNpcOrGo3`, `RequiredNpcOrGo4`, `RequiredNpcOrGoCount1`, `RequiredNpcOrGoCount2`, `RequiredNpcOrGoCount3`, `RequiredNpcOrGoCount4`, `RequiredSourceItemId1`, `RequiredSourceItemId2`, `RequiredSourceItemId3`, `RequiredSourceItemId4`, `RequiredSourceItemCount1`, `RequiredSourceItemCount2`, `RequiredSourceItemCount3`, `RequiredSourceItemCount4`, `RequiredItemId1`, `RequiredItemId2`, `RequiredItemId3`, `RequiredItemId4`, `RequiredItemId5`, `RequiredItemId6`, `RequiredItemCount1`, `RequiredItemCount2`, `RequiredItemCount3`, `RequiredItemCount4`, `RequiredItemCount5`, `RequiredItemCount6`, `RequiredSpellCast1`, `RequiredSpellCast2`, `RequiredSpellCast3`, `RequiredSpellCast4`, `ObjectiveText1`, `ObjectiveText2`, `ObjectiveText3`, `ObjectiveText4`, `DetailsEmote1`, `DetailsEmote2`, `DetailsEmote3`, `DetailsEmote4`, `DetailsEmoteDelay1`, `DetailsEmoteDelay2`, `DetailsEmoteDelay3`, `DetailsEmoteDelay4`, `EmoteOnIncomplete`, `EmoteOnComplete`, `OfferRewardEmote1`, `OfferRewardEmote2`, `OfferRewardEmote3`, `OfferRewardEmote4`, `OfferRewardEmoteDelay1`, `OfferRewardEmoteDelay2`, `OfferRewardEmoteDelay3`, `OfferRewardEmoteDelay4`, `WDBVerified`) VALUES (28607, 2, 5, 1, 0, 4737, 0, 0, 0, 0, 0, 0, 0, 0, 0, 0, 0, 0, 0, 0, 0, 14071, 0, 0, 0, 0, 0, 0, 0, 0, 0, 0, 0, 0, 0, 0, 0, 8, 0, 0, 0, 0, 0, 46856, 0, 0, 0, 1, 0, 0, 0, 0, 0, 0, 0, 0, 0, 0, 0, 0, 0, 0, 0, 0, 0, 0, 0, 1168, 0, 0, 0, 0, 9, 0, 0, 0, 0, 0, 0, 0, 0, 0, 'The Keys to the Hot Rod', '', '', 'You lost your Keys to the Hot Rod somewhere?$B$BNo problem, boss. I always like to keep a spare set handy just in case. ', 'You lost your Keys to the Hot Rod somewhere?$B$BNo problem, boss. I always like to keep a spare set handy just in case.', '', '', 0, 0, 0, 0, 0, 0, 0, 0, 0, 0, 0, 0, 0, 0, 0, 0, 46856, 0, 0, 0, 0, 0, 0, 0, 0, 0, 0, 0, 0, 0, 0, 0, '', '', '', '', 0, 0, 0, 0, 0, 0, 0, 0, 0, 0, 0, 0, 0, 0, 0, 0, 0, 0, 1);

-- 24488
DELETE FROM `creature_questrelation` WHERE `quest` = 24488;
DELETE FROM `gameobject_questrelation` WHERE `quest` = 24488;
UPDATE `item_template` SET `StartQuest`=0 WHERE `StartQuest` = 24488;
INSERT INTO `creature_questrelation` (`id`, `quest`) VALUES (37106, 24488);
UPDATE `creature_template` SET `npcflag`=`npcflag`|2 WHERE `entry` = 37106;
DELETE FROM `creature_involvedrelation` WHERE `quest` = 24488;
DELETE FROM `gameobject_involvedrelation` WHERE `quest` = 24488;
INSERT INTO `creature_involvedrelation` (`id`, `quest`) VALUES (37106, 24488);
UPDATE `creature_template` SET `npcflag`=`npcflag`|2 WHERE `entry`=37106;
REPLACE INTO `quest_template` (`Id`, `Method`, `Level`, `MinLevel`, `MaxLevel`, `ZoneOrSort`, `Type`, `SuggestedPlayers`, `LimitTime`, `RequiredClasses`, `RequiredRaces`, `RequiredSkillId`, `RequiredSkillPoints`, `RequiredFactionId1`, `RequiredFactionId2`, `RequiredFactionValue1`, `RequiredFactionValue2`, `RequiredMinRepFaction`, `RequiredMaxRepFaction`, `RequiredMinRepValue`, `RequiredMaxRepValue`, `PrevQuestId`, `NextQuestId`, `ExclusiveGroup`, `NextQuestIdChain`, `RewardXPId`, `RewardOrRequiredMoney`, `RewardMoneyMaxLevel`, `RewardSpell`, `RewardSpellCast`, `RewardHonor`, `RewardHonorMultiplier`, `RewardMailTemplateId`, `RewardMailDelay`, `SourceItemId`, `SourceItemCount`, `SourceSpellId`, `Flags`, `SpecialFlags`, `RewardTitleId`, `RequiredPlayerKills`, `RewardTalents`, `RewardArenaPoints`, `RewardItemId1`, `RewardItemId2`, `RewardItemId3`, `RewardItemId4`, `RewardItemCount1`, `RewardItemCount2`, `RewardItemCount3`, `RewardItemCount4`, `RewardChoiceItemId1`, `RewardChoiceItemId2`, `RewardChoiceItemId3`, `RewardChoiceItemId4`, `RewardChoiceItemId5`, `RewardChoiceItemId6`, `RewardChoiceItemCount1`, `RewardChoiceItemCount2`, `RewardChoiceItemCount3`, `RewardChoiceItemCount4`, `RewardChoiceItemCount5`, `RewardChoiceItemCount6`, `RewardFactionId1`, `RewardFactionId2`, `RewardFactionId3`, `RewardFactionId4`, `RewardFactionId5`, `RewardFactionValueId1`, `RewardFactionValueId2`, `RewardFactionValueId3`, `RewardFactionValueId4`, `RewardFactionValueId5`, `RewardFactionValueIdOverride1`, `RewardFactionValueIdOverride2`, `RewardFactionValueIdOverride3`, `RewardFactionValueIdOverride4`, `RewardFactionValueIdOverride5`, `PointMapId`, `PointX`, `PointY`, `PointOption`, `Title`, `Objectives`, `Details`, `EndText`, `OfferRewardText`, `RequestItemsText`, `CompletedText`, `RequiredNpcOrGo1`, `RequiredNpcOrGo2`, `RequiredNpcOrGo3`, `RequiredNpcOrGo4`, `RequiredNpcOrGoCount1`, `RequiredNpcOrGoCount2`, `RequiredNpcOrGoCount3`, `RequiredNpcOrGoCount4`, `RequiredSourceItemId1`, `RequiredSourceItemId2`, `RequiredSourceItemId3`, `RequiredSourceItemId4`, `RequiredSourceItemCount1`, `RequiredSourceItemCount2`, `RequiredSourceItemCount3`, `RequiredSourceItemCount4`, `RequiredItemId1`, `RequiredItemId2`, `RequiredItemId3`, `RequiredItemId4`, `RequiredItemId5`, `RequiredItemId6`, `RequiredItemCount1`, `RequiredItemCount2`, `RequiredItemCount3`, `RequiredItemCount4`, `RequiredItemCount5`, `RequiredItemCount6`, `RequiredSpellCast1`, `RequiredSpellCast2`, `RequiredSpellCast3`, `RequiredSpellCast4`, `ObjectiveText1`, `ObjectiveText2`, `ObjectiveText3`, `ObjectiveText4`, `DetailsEmote1`, `DetailsEmote2`, `DetailsEmote3`, `DetailsEmote4`, `DetailsEmoteDelay1`, `DetailsEmoteDelay2`, `DetailsEmoteDelay3`, `DetailsEmoteDelay4`, `EmoteOnIncomplete`, `EmoteOnComplete`, `OfferRewardEmote1`, `OfferRewardEmote2`, `OfferRewardEmote3`, `OfferRewardEmote4`, `OfferRewardEmoteDelay1`, `OfferRewardEmoteDelay2`, `OfferRewardEmoteDelay3`, `OfferRewardEmoteDelay4`, `WDBVerified`) VALUES (24488, 2, 3, 1, 0, 4737, 0, 0, 0, 0, 0, 0, 0, 0, 0, 0, 0, 0, 0, 0, 0, 24567, 0, 0, 24502, 5, 50, 150, 0, 0, 0, 0, 0, 0, 0, 0, 0, 524288, 4, 0, 0, 0, 0, 0, 0, 0, 0, 0, 0, 0, 0, 0, 0, 0, 0, 0, 0, 0, 0, 0, 0, 0, 0, 1133, 0, 0, 0, 1168, 5, 0, 0, 0, 9, 0, 0, 0, 0, 0, 0, 0, 0, 0, 'The Replacements', 'Collect 6 Replacement Parts.', 'My guys are all on the injured roster! Our shredders are all kaput! The ref is about to call the game!$B$BIt\'s down to the wire and I need you, $N!!!$B$BLet\'s get one of these shredders in working condition. There are replacement parts all over Bilgewater Port. Any green-blooded Kezanian will gladly let you have them if there\'s a chance that the Buccaneers will win.$B$BWe\'ll show those no-good Steamwheedle Sharks how to play footbomb!', 'Return to Coach Crosscheck at Kajaro Field on Kezan.', 'That\'s my boy! Now to get one of these useless hunks of metal in working order and you into the game!', '', '', 0, 0, 0, 0, 0, 0, 0, 0, 0, 0, 0, 0, 0, 0, 0, 0, 49752, 0, 0, 0, 0, 0, 6, 0, 0, 0, 0, 0, 0, 0, 0, 0, '', '', '', '', 0, 0, 0, 0, 0, 0, 0, 0, 0, 0, 0, 0, 0, 0, 0, 0, 0, 0, 1);

-- 24520
DELETE FROM `creature_questrelation` WHERE `quest` = 24520;
DELETE FROM `gameobject_questrelation` WHERE `quest` = 24520;
UPDATE `item_template` SET `StartQuest`=0 WHERE `StartQuest` = 24520;
INSERT INTO `creature_questrelation` (`id`, `quest`) VALUES (37106, 24520);
UPDATE `creature_template` SET `npcflag`=`npcflag`|2 WHERE `entry` = 37106;
DELETE FROM `creature_involvedrelation` WHERE `quest` = 24520;
DELETE FROM `gameobject_involvedrelation` WHERE `quest` = 24520;
INSERT INTO `creature_involvedrelation` (`id`, `quest`) VALUES (34668, 24520);
UPDATE `creature_template` SET `npcflag`=`npcflag`|2 WHERE `entry`=34668;
REPLACE INTO `quest_template` (`Id`, `Method`, `Level`, `MinLevel`, `MaxLevel`, `ZoneOrSort`, `Type`, `SuggestedPlayers`, `LimitTime`, `RequiredClasses`, `RequiredRaces`, `RequiredSkillId`, `RequiredSkillPoints`, `RequiredFactionId1`, `RequiredFactionId2`, `RequiredFactionValue1`, `RequiredFactionValue2`, `RequiredMinRepFaction`, `RequiredMaxRepFaction`, `RequiredMinRepValue`, `RequiredMaxRepValue`, `PrevQuestId`, `NextQuestId`, `ExclusiveGroup`, `NextQuestIdChain`, `RewardXPId`, `RewardOrRequiredMoney`, `RewardMoneyMaxLevel`, `RewardSpell`, `RewardSpellCast`, `RewardHonor`, `RewardHonorMultiplier`, `RewardMailTemplateId`, `RewardMailDelay`, `SourceItemId`, `SourceItemCount`, `SourceSpellId`, `Flags`, `SpecialFlags`, `RewardTitleId`, `RequiredPlayerKills`, `RewardTalents`, `RewardArenaPoints`, `RewardItemId1`, `RewardItemId2`, `RewardItemId3`, `RewardItemId4`, `RewardItemCount1`, `RewardItemCount2`, `RewardItemCount3`, `RewardItemCount4`, `RewardChoiceItemId1`, `RewardChoiceItemId2`, `RewardChoiceItemId3`, `RewardChoiceItemId4`, `RewardChoiceItemId5`, `RewardChoiceItemId6`, `RewardChoiceItemCount1`, `RewardChoiceItemCount2`, `RewardChoiceItemCount3`, `RewardChoiceItemCount4`, `RewardChoiceItemCount5`, `RewardChoiceItemCount6`, `RewardFactionId1`, `RewardFactionId2`, `RewardFactionId3`, `RewardFactionId4`, `RewardFactionId5`, `RewardFactionValueId1`, `RewardFactionValueId2`, `RewardFactionValueId3`, `RewardFactionValueId4`, `RewardFactionValueId5`, `RewardFactionValueIdOverride1`, `RewardFactionValueIdOverride2`, `RewardFactionValueIdOverride3`, `RewardFactionValueIdOverride4`, `RewardFactionValueIdOverride5`, `PointMapId`, `PointX`, `PointY`, `PointOption`, `Title`, `Objectives`, `Details`, `EndText`, `OfferRewardText`, `RequestItemsText`, `CompletedText`, `RequiredNpcOrGo1`, `RequiredNpcOrGo2`, `RequiredNpcOrGo3`, `RequiredNpcOrGo4`, `RequiredNpcOrGoCount1`, `RequiredNpcOrGoCount2`, `RequiredNpcOrGoCount3`, `RequiredNpcOrGoCount4`, `RequiredSourceItemId1`, `RequiredSourceItemId2`, `RequiredSourceItemId3`, `RequiredSourceItemId4`, `RequiredSourceItemCount1`, `RequiredSourceItemCount2`, `RequiredSourceItemCount3`, `RequiredSourceItemCount4`, `RequiredItemId1`, `RequiredItemId2`, `RequiredItemId3`, `RequiredItemId4`, `RequiredItemId5`, `RequiredItemId6`, `RequiredItemCount1`, `RequiredItemCount2`, `RequiredItemCount3`, `RequiredItemCount4`, `RequiredItemCount5`, `RequiredItemCount6`, `RequiredSpellCast1`, `RequiredSpellCast2`, `RequiredSpellCast3`, `RequiredSpellCast4`, `ObjectiveText1`, `ObjectiveText2`, `ObjectiveText3`, `ObjectiveText4`, `DetailsEmote1`, `DetailsEmote2`, `DetailsEmote3`, `DetailsEmote4`, `DetailsEmoteDelay1`, `DetailsEmoteDelay2`, `DetailsEmoteDelay3`, `DetailsEmoteDelay4`, `EmoteOnIncomplete`, `EmoteOnComplete`, `OfferRewardEmote1`, `OfferRewardEmote2`, `OfferRewardEmote3`, `OfferRewardEmote4`, `OfferRewardEmoteDelay1`, `OfferRewardEmoteDelay2`, `OfferRewardEmoteDelay3`, `OfferRewardEmoteDelay4`, `WDBVerified`) VALUES (24520, 2, 3, 1, 0, 4737, 0, 0, 0, 0, 0, 0, 0, 0, 0, 0, 0, 0, 0, 0, 0, 0, 0, 0, 26712, 1, 0, 0, 0, 0, 0, 0, 0, 0, 0, 0, 0, 786432, 0, 0, 0, 0, 0, 0, 0, 0, 0, 0, 0, 0, 0, 0, 0, 0, 0, 0, 0, 0, 0, 0, 0, 0, 0, 1133, 0, 0, 0, 1168, 1, 0, 0, 0, 9, 0, 0, 0, 0, 0, 0, 0, 0, 0, 'Give Sassy the News', 'Speak with Sassy Hardwrench at KTC Headquarters on Kezan.', 'I\'d celebrate with you, $N, but it feels like that dragon did a number on ol\' Mount Kajaro. I... uh... I think I\'m gonna grab my stuff and get on the first ship leaving the island!$B$BAnyways, you should probably head back to headquarters and let Sassy know that you won the Footbomb title for us. I\'m sure she\'ll also want to know about the dragon and Mount Kajaro.$B$BGood luck!', '', 'You\'re kidding, right?! DEATHWING?!!!$B$B$B$BOkay, this\'ll work out just fine. We\'ll throw your party and by the time it\'s over, I\'m sure that the dragon will be long gone and the ground will stop shaking.$B$BIf not, we can always charter a ship off of the island.', '', '', 0, 0, 0, 0, 0, 0, 0, 0, 0, 0, 0, 0, 0, 0, 0, 0, 0, 0, 0, 0, 0, 0, 0, 0, 0, 0, 0, 0, 0, 0, 0, 0, '', '', '', '', 0, 0, 0, 0, 0, 0, 0, 0, 0, 0, 0, 0, 0, 0, 0, 0, 0, 0, 1);

-- 24502
DELETE FROM `creature_questrelation` WHERE `quest` = 24502;
DELETE FROM `gameobject_questrelation` WHERE `quest` = 24502;
UPDATE `item_template` SET `StartQuest`=0 WHERE `StartQuest` = 24502;
INSERT INTO `creature_questrelation` (`id`, `quest`) VALUES (37106, 24502);
UPDATE `creature_template` SET `npcflag`=`npcflag`|2 WHERE `entry` = 37106;
DELETE FROM `creature_involvedrelation` WHERE `quest` = 24502;
DELETE FROM `gameobject_involvedrelation` WHERE `quest` = 24502;
INSERT INTO `creature_involvedrelation` (`id`, `quest`) VALUES (37106, 24502);
UPDATE `creature_template` SET `npcflag`=`npcflag`|2 WHERE `entry`=37106;
REPLACE INTO `quest_template` (`Id`, `Method`, `Level`, `MinLevel`, `MaxLevel`, `ZoneOrSort`, `Type`, `SuggestedPlayers`, `LimitTime`, `RequiredClasses`, `RequiredRaces`, `RequiredSkillId`, `RequiredSkillPoints`, `RequiredFactionId1`, `RequiredFactionId2`, `RequiredFactionValue1`, `RequiredFactionValue2`, `RequiredMinRepFaction`, `RequiredMaxRepFaction`, `RequiredMinRepValue`, `RequiredMaxRepValue`, `PrevQuestId`, `NextQuestId`, `ExclusiveGroup`, `NextQuestIdChain`, `RewardXPId`, `RewardOrRequiredMoney`, `RewardMoneyMaxLevel`, `RewardSpell`, `RewardSpellCast`, `RewardHonor`, `RewardHonorMultiplier`, `RewardMailTemplateId`, `RewardMailDelay`, `SourceItemId`, `SourceItemCount`, `SourceSpellId`, `Flags`, `SpecialFlags`, `RewardTitleId`, `RequiredPlayerKills`, `RewardTalents`, `RewardArenaPoints`, `RewardItemId1`, `RewardItemId2`, `RewardItemId3`, `RewardItemId4`, `RewardItemCount1`, `RewardItemCount2`, `RewardItemCount3`, `RewardItemCount4`, `RewardChoiceItemId1`, `RewardChoiceItemId2`, `RewardChoiceItemId3`, `RewardChoiceItemId4`, `RewardChoiceItemId5`, `RewardChoiceItemId6`, `RewardChoiceItemCount1`, `RewardChoiceItemCount2`, `RewardChoiceItemCount3`, `RewardChoiceItemCount4`, `RewardChoiceItemCount5`, `RewardChoiceItemCount6`, `RewardFactionId1`, `RewardFactionId2`, `RewardFactionId3`, `RewardFactionId4`, `RewardFactionId5`, `RewardFactionValueId1`, `RewardFactionValueId2`, `RewardFactionValueId3`, `RewardFactionValueId4`, `RewardFactionValueId5`, `RewardFactionValueIdOverride1`, `RewardFactionValueIdOverride2`, `RewardFactionValueIdOverride3`, `RewardFactionValueIdOverride4`, `RewardFactionValueIdOverride5`, `PointMapId`, `PointX`, `PointY`, `PointOption`, `Title`, `Objectives`, `Details`, `EndText`, `OfferRewardText`, `RequestItemsText`, `CompletedText`, `RequiredNpcOrGo1`, `RequiredNpcOrGo2`, `RequiredNpcOrGo3`, `RequiredNpcOrGo4`, `RequiredNpcOrGoCount1`, `RequiredNpcOrGoCount2`, `RequiredNpcOrGoCount3`, `RequiredNpcOrGoCount4`, `RequiredSourceItemId1`, `RequiredSourceItemId2`, `RequiredSourceItemId3`, `RequiredSourceItemId4`, `RequiredSourceItemCount1`, `RequiredSourceItemCount2`, `RequiredSourceItemCount3`, `RequiredSourceItemCount4`, `RequiredItemId1`, `RequiredItemId2`, `RequiredItemId3`, `RequiredItemId4`, `RequiredItemId5`, `RequiredItemId6`, `RequiredItemCount1`, `RequiredItemCount2`, `RequiredItemCount3`, `RequiredItemCount4`, `RequiredItemCount5`, `RequiredItemCount6`, `RequiredSpellCast1`, `RequiredSpellCast2`, `RequiredSpellCast3`, `RequiredSpellCast4`, `ObjectiveText1`, `ObjectiveText2`, `ObjectiveText3`, `ObjectiveText4`, `DetailsEmote1`, `DetailsEmote2`, `DetailsEmote3`, `DetailsEmote4`, `DetailsEmoteDelay1`, `DetailsEmoteDelay2`, `DetailsEmoteDelay3`, `DetailsEmoteDelay4`, `EmoteOnIncomplete`, `EmoteOnComplete`, `OfferRewardEmote1`, `OfferRewardEmote2`, `OfferRewardEmote3`, `OfferRewardEmote4`, `OfferRewardEmoteDelay1`, `OfferRewardEmoteDelay2`, `OfferRewardEmoteDelay3`, `OfferRewardEmoteDelay4`, `WDBVerified`) VALUES (24502, 2, 3, 1, 0, 4737, 0, 0, 0, 0, 0, 0, 0, 0, 0, 0, 0, 0, 0, 0, 0, 24488, 0, 0, 24503, 5, 50, 150, 0, 0, 0, 0, 0, 0, 0, 0, 0, 3, 0, 0, 0, 0, 0, 0, 0, 0, 0, 0, 0, 0, 0, 0, 0, 0, 0, 0, 0, 0, 0, 0, 0, 0, 0, 1133, 0, 0, 0, 1168, 5, 0, 0, 0, 9, 0, 0, 0, 0, 0, 0, 0, 0, 0, 'Necessary Roughness', 'Get into the Bilgewater Buccaneer and then throw the Footbomb at 8 Steamwheedle Sharks.', 'We\'re down to our last shredder. While no one was looking, I loaded it up with, shall we say, modified footbombs.$B$BKid, I need you to get in that shredder and give \'em heck!', '', '', '', '', 48271, 37114, 0, 0, 1, 8, 0, 0, 0, 0, 0, 0, 0, 0, 0, 0, 0, 0, 0, 0, 0, 0, 0, 0, 0, 0, 0, 0, 0, 0, 0, 0, 'Bilgewater Buccaneer', 'Steamwheedle Shark Footbombed', '', '', 0, 0, 0, 0, 0, 0, 0, 0, 0, 0, 0, 0, 0, 0, 0, 0, 0, 0, 1);

-- 28414
DELETE FROM `creature_questrelation` WHERE `quest` = 28414;
DELETE FROM `gameobject_questrelation` WHERE `quest` = 28414;
DELETE FROM `creature_involvedrelation` WHERE `quest` = 28414;
DELETE FROM `gameobject_involvedrelation` WHERE `quest` = 28414;

-- 24503
DELETE FROM `creature_questrelation` WHERE `quest` = 24503;
DELETE FROM `gameobject_questrelation` WHERE `quest` = 24503;
UPDATE `item_template` SET `StartQuest`=0 WHERE `StartQuest` = 24503;
INSERT INTO `creature_questrelation` (`id`, `quest`) VALUES (37106, 24503);
UPDATE `creature_template` SET `npcflag`=`npcflag`|2 WHERE `entry` = 37106;
INSERT INTO `creature_questrelation` (`id`, `quest`) VALUES (37203, 24503);
UPDATE `creature_template` SET `npcflag`=`npcflag`|2 WHERE `entry` = 37203;
DELETE FROM `creature_involvedrelation` WHERE `quest` = 24503;
DELETE FROM `gameobject_involvedrelation` WHERE `quest` = 24503;
INSERT INTO `creature_involvedrelation` (`id`, `quest`) VALUES (37106, 24503);
UPDATE `creature_template` SET `npcflag`=`npcflag`|2 WHERE `entry`=37106;
REPLACE INTO `quest_template` (`Id`, `Method`, `Level`, `MinLevel`, `MaxLevel`, `ZoneOrSort`, `Type`, `SuggestedPlayers`, `LimitTime`, `RequiredClasses`, `RequiredRaces`, `RequiredSkillId`, `RequiredSkillPoints`, `RequiredFactionId1`, `RequiredFactionId2`, `RequiredFactionValue1`, `RequiredFactionValue2`, `RequiredMinRepFaction`, `RequiredMaxRepFaction`, `RequiredMinRepValue`, `RequiredMaxRepValue`, `PrevQuestId`, `NextQuestId`, `ExclusiveGroup`, `NextQuestIdChain`, `RewardXPId`, `RewardOrRequiredMoney`, `RewardMoneyMaxLevel`, `RewardSpell`, `RewardSpellCast`, `RewardHonor`, `RewardHonorMultiplier`, `RewardMailTemplateId`, `RewardMailDelay`, `SourceItemId`, `SourceItemCount`, `SourceSpellId`, `Flags`, `SpecialFlags`, `RewardTitleId`, `RequiredPlayerKills`, `RewardTalents`, `RewardArenaPoints`, `RewardItemId1`, `RewardItemId2`, `RewardItemId3`, `RewardItemId4`, `RewardItemCount1`, `RewardItemCount2`, `RewardItemCount3`, `RewardItemCount4`, `RewardChoiceItemId1`, `RewardChoiceItemId2`, `RewardChoiceItemId3`, `RewardChoiceItemId4`, `RewardChoiceItemId5`, `RewardChoiceItemId6`, `RewardChoiceItemCount1`, `RewardChoiceItemCount2`, `RewardChoiceItemCount3`, `RewardChoiceItemCount4`, `RewardChoiceItemCount5`, `RewardChoiceItemCount6`, `RewardFactionId1`, `RewardFactionId2`, `RewardFactionId3`, `RewardFactionId4`, `RewardFactionId5`, `RewardFactionValueId1`, `RewardFactionValueId2`, `RewardFactionValueId3`, `RewardFactionValueId4`, `RewardFactionValueId5`, `RewardFactionValueIdOverride1`, `RewardFactionValueIdOverride2`, `RewardFactionValueIdOverride3`, `RewardFactionValueIdOverride4`, `RewardFactionValueIdOverride5`, `PointMapId`, `PointX`, `PointY`, `PointOption`, `Title`, `Objectives`, `Details`, `EndText`, `OfferRewardText`, `RequestItemsText`, `CompletedText`, `RequiredNpcOrGo1`, `RequiredNpcOrGo2`, `RequiredNpcOrGo3`, `RequiredNpcOrGo4`, `RequiredNpcOrGoCount1`, `RequiredNpcOrGoCount2`, `RequiredNpcOrGoCount3`, `RequiredNpcOrGoCount4`, `RequiredSourceItemId1`, `RequiredSourceItemId2`, `RequiredSourceItemId3`, `RequiredSourceItemId4`, `RequiredSourceItemCount1`, `RequiredSourceItemCount2`, `RequiredSourceItemCount3`, `RequiredSourceItemCount4`, `RequiredItemId1`, `RequiredItemId2`, `RequiredItemId3`, `RequiredItemId4`, `RequiredItemId5`, `RequiredItemId6`, `RequiredItemCount1`, `RequiredItemCount2`, `RequiredItemCount3`, `RequiredItemCount4`, `RequiredItemCount5`, `RequiredItemCount6`, `RequiredSpellCast1`, `RequiredSpellCast2`, `RequiredSpellCast3`, `RequiredSpellCast4`, `ObjectiveText1`, `ObjectiveText2`, `ObjectiveText3`, `ObjectiveText4`, `DetailsEmote1`, `DetailsEmote2`, `DetailsEmote3`, `DetailsEmote4`, `DetailsEmoteDelay1`, `DetailsEmoteDelay2`, `DetailsEmoteDelay3`, `DetailsEmoteDelay4`, `EmoteOnIncomplete`, `EmoteOnComplete`, `OfferRewardEmote1`, `OfferRewardEmote2`, `OfferRewardEmote3`, `OfferRewardEmote4`, `OfferRewardEmoteDelay1`, `OfferRewardEmoteDelay2`, `OfferRewardEmoteDelay3`, `OfferRewardEmoteDelay4`, `WDBVerified`) VALUES (24503, 2, 3, 1, 0, 4737, 0, 0, 0, 0, 0, 0, 0, 0, 0, 0, 0, 0, 0, 0, 0, 24502, 0, 0, 24520, 5, 50, 150, 0, 0, 0, 0, 0, 0, 0, 0, 0, 524288, 0, 0, 0, 0, 0, 0, 0, 0, 0, 0, 0, 0, 0, 54294, 54295, 0, 0, 0, 0, 1, 1, 0, 0, 0, 0, 1133, 0, 0, 0, 1168, 5, 0, 0, 0, 9, 0, 0, 0, 0, 0, 0, 0, 0, 0, 'Fourth and Goal', 'Get in the Bilgewater Buccaneer and score the winning goal by kicking the Footbomb through the smokestacks behind the opposing goal.', 'It\'s all up to you, kid. You demolished the Steamwheedle Sharks, so now all that\'s left to do is to kick the winning goal.$B$B<The coach leans in close and whispers in your ear.>$B$BNow, just between you and me, I think we should do this one right. I don\'t want you to just kick a goal... I want you to kick it so far it sails between the two smokestacks behind the goal!$B$BI\'ve modified the footbomb to give you the extra power that you\'ll need.$B$BNow get out there and make me proud!', 'Return to Coach Crosscheck at Kajaro Field on Kezan.', 'Uh... you did it, kid. You REALLY did it! We won the game and....$B$BDID YOU SEE THAT DRAGON?!!!', '', '', 37203, 0, 0, 0, 1, 0, 0, 0, 0, 0, 0, 0, 0, 0, 0, 0, 0, 0, 0, 0, 0, 0, 0, 0, 0, 0, 0, 0, 0, 0, 0, 0, 'Footbomb Kicked Through Smokestacks', '', '', '', 0, 0, 0, 0, 0, 0, 0, 0, 0, 0, 0, 0, 0, 0, 0, 0, 0, 0, 1);

-- 24520
DELETE FROM `creature_questrelation` WHERE `quest` = 24520;
DELETE FROM `gameobject_questrelation` WHERE `quest` = 24520;
UPDATE `item_template` SET `StartQuest`=0 WHERE `StartQuest` = 24520;
INSERT INTO `creature_questrelation` (`id`, `quest`) VALUES (37106, 24520);
UPDATE `creature_template` SET `npcflag`=`npcflag`|2 WHERE `entry` = 37106;
DELETE FROM `creature_involvedrelation` WHERE `quest` = 24520;
DELETE FROM `gameobject_involvedrelation` WHERE `quest` = 24520;
INSERT INTO `creature_involvedrelation` (`id`, `quest`) VALUES (34668, 24520);
UPDATE `creature_template` SET `npcflag`=`npcflag`|2 WHERE `entry`=34668;
REPLACE INTO `quest_template` (`Id`, `Method`, `Level`, `MinLevel`, `MaxLevel`, `ZoneOrSort`, `Type`, `SuggestedPlayers`, `LimitTime`, `RequiredClasses`, `RequiredRaces`, `RequiredSkillId`, `RequiredSkillPoints`, `RequiredFactionId1`, `RequiredFactionId2`, `RequiredFactionValue1`, `RequiredFactionValue2`, `RequiredMinRepFaction`, `RequiredMaxRepFaction`, `RequiredMinRepValue`, `RequiredMaxRepValue`, `PrevQuestId`, `NextQuestId`, `ExclusiveGroup`, `NextQuestIdChain`, `RewardXPId`, `RewardOrRequiredMoney`, `RewardMoneyMaxLevel`, `RewardSpell`, `RewardSpellCast`, `RewardHonor`, `RewardHonorMultiplier`, `RewardMailTemplateId`, `RewardMailDelay`, `SourceItemId`, `SourceItemCount`, `SourceSpellId`, `Flags`, `SpecialFlags`, `RewardTitleId`, `RequiredPlayerKills`, `RewardTalents`, `RewardArenaPoints`, `RewardItemId1`, `RewardItemId2`, `RewardItemId3`, `RewardItemId4`, `RewardItemCount1`, `RewardItemCount2`, `RewardItemCount3`, `RewardItemCount4`, `RewardChoiceItemId1`, `RewardChoiceItemId2`, `RewardChoiceItemId3`, `RewardChoiceItemId4`, `RewardChoiceItemId5`, `RewardChoiceItemId6`, `RewardChoiceItemCount1`, `RewardChoiceItemCount2`, `RewardChoiceItemCount3`, `RewardChoiceItemCount4`, `RewardChoiceItemCount5`, `RewardChoiceItemCount6`, `RewardFactionId1`, `RewardFactionId2`, `RewardFactionId3`, `RewardFactionId4`, `RewardFactionId5`, `RewardFactionValueId1`, `RewardFactionValueId2`, `RewardFactionValueId3`, `RewardFactionValueId4`, `RewardFactionValueId5`, `RewardFactionValueIdOverride1`, `RewardFactionValueIdOverride2`, `RewardFactionValueIdOverride3`, `RewardFactionValueIdOverride4`, `RewardFactionValueIdOverride5`, `PointMapId`, `PointX`, `PointY`, `PointOption`, `Title`, `Objectives`, `Details`, `EndText`, `OfferRewardText`, `RequestItemsText`, `CompletedText`, `RequiredNpcOrGo1`, `RequiredNpcOrGo2`, `RequiredNpcOrGo3`, `RequiredNpcOrGo4`, `RequiredNpcOrGoCount1`, `RequiredNpcOrGoCount2`, `RequiredNpcOrGoCount3`, `RequiredNpcOrGoCount4`, `RequiredSourceItemId1`, `RequiredSourceItemId2`, `RequiredSourceItemId3`, `RequiredSourceItemId4`, `RequiredSourceItemCount1`, `RequiredSourceItemCount2`, `RequiredSourceItemCount3`, `RequiredSourceItemCount4`, `RequiredItemId1`, `RequiredItemId2`, `RequiredItemId3`, `RequiredItemId4`, `RequiredItemId5`, `RequiredItemId6`, `RequiredItemCount1`, `RequiredItemCount2`, `RequiredItemCount3`, `RequiredItemCount4`, `RequiredItemCount5`, `RequiredItemCount6`, `RequiredSpellCast1`, `RequiredSpellCast2`, `RequiredSpellCast3`, `RequiredSpellCast4`, `ObjectiveText1`, `ObjectiveText2`, `ObjectiveText3`, `ObjectiveText4`, `DetailsEmote1`, `DetailsEmote2`, `DetailsEmote3`, `DetailsEmote4`, `DetailsEmoteDelay1`, `DetailsEmoteDelay2`, `DetailsEmoteDelay3`, `DetailsEmoteDelay4`, `EmoteOnIncomplete`, `EmoteOnComplete`, `OfferRewardEmote1`, `OfferRewardEmote2`, `OfferRewardEmote3`, `OfferRewardEmote4`, `OfferRewardEmoteDelay1`, `OfferRewardEmoteDelay2`, `OfferRewardEmoteDelay3`, `OfferRewardEmoteDelay4`, `WDBVerified`) VALUES (24520, 2, 3, 1, 0, 4737, 0, 0, 0, 0, 0, 0, 0, 0, 0, 0, 0, 0, 0, 0, 0, 24503, 0, 0, 26712, 1, 0, 0, 0, 0, 0, 0, 0, 0, 0, 0, 0, 786432, 0, 0, 0, 0, 0, 0, 0, 0, 0, 0, 0, 0, 0, 0, 0, 0, 0, 0, 0, 0, 0, 0, 0, 0, 0, 1133, 0, 0, 0, 1168, 1, 0, 0, 0, 9, 0, 0, 0, 0, 0, 0, 0, 0, 0, 'Give Sassy the News', 'Speak with Sassy Hardwrench at KTC Headquarters on Kezan.', 'I\'d celebrate with you, $N, but it feels like that dragon did a number on ol\' Mount Kajaro. I... uh... I think I\'m gonna grab my stuff and get on the first ship leaving the island!$B$BAnyways, you should probably head back to headquarters and let Sassy know that you won the Footbomb title for us. I\'m sure she\'ll also want to know about the dragon and Mount Kajaro.$B$BGood luck!', '', 'You\'re kidding, right?! DEATHWING?!!!$B$B$B$BOkay, this\'ll work out just fine. We\'ll throw your party and by the time it\'s over, I\'m sure that the dragon will be long gone and the ground will stop shaking.$B$BIf not, we can always charter a ship off of the island.', '', '', 0, 0, 0, 0, 0, 0, 0, 0, 0, 0, 0, 0, 0, 0, 0, 0, 0, 0, 0, 0, 0, 0, 0, 0, 0, 0, 0, 0, 0, 0, 0, 0, '', '', '', '', 0, 0, 0, 0, 0, 0, 0, 0, 0, 0, 0, 0, 0, 0, 0, 0, 0, 0, 1);

-- 26711
DELETE FROM `creature_questrelation` WHERE `quest` = 26711;

-- 26712
DELETE FROM `creature_questrelation` WHERE `quest` = 26712;
DELETE FROM `gameobject_questrelation` WHERE `quest` = 26712;
UPDATE `item_template` SET `StartQuest`=0 WHERE `StartQuest` = 26712;
INSERT INTO `creature_questrelation` (`id`, `quest`) VALUES (35053, 26712);
UPDATE `creature_template` SET `npcflag`=`npcflag`|2 WHERE `entry` = 35053;
DELETE FROM `creature_involvedrelation` WHERE `quest` = 26712;
DELETE FROM `gameobject_involvedrelation` WHERE `quest` = 26712;
INSERT INTO `creature_involvedrelation` (`id`, `quest`) VALUES (35120, 26712);
UPDATE `creature_template` SET `npcflag`=`npcflag`|2 WHERE `entry`=35120;
REPLACE INTO `quest_template` (`Id`, `Method`, `Level`, `MinLevel`, `MaxLevel`, `ZoneOrSort`, `Type`, `SuggestedPlayers`, `LimitTime`, `RequiredClasses`, `RequiredRaces`, `RequiredSkillId`, `RequiredSkillPoints`, `RequiredFactionId1`, `RequiredFactionId2`, `RequiredFactionValue1`, `RequiredFactionValue2`, `RequiredMinRepFaction`, `RequiredMaxRepFaction`, `RequiredMinRepValue`, `RequiredMaxRepValue`, `PrevQuestId`, `NextQuestId`, `ExclusiveGroup`, `NextQuestIdChain`, `RewardXPId`, `RewardOrRequiredMoney`, `RewardMoneyMaxLevel`, `RewardSpell`, `RewardSpellCast`, `RewardHonor`, `RewardHonorMultiplier`, `RewardMailTemplateId`, `RewardMailDelay`, `SourceItemId`, `SourceItemCount`, `SourceSpellId`, `Flags`, `SpecialFlags`, `RewardTitleId`, `RequiredPlayerKills`, `RewardTalents`, `RewardArenaPoints`, `RewardItemId1`, `RewardItemId2`, `RewardItemId3`, `RewardItemId4`, `RewardItemCount1`, `RewardItemCount2`, `RewardItemCount3`, `RewardItemCount4`, `RewardChoiceItemId1`, `RewardChoiceItemId2`, `RewardChoiceItemId3`, `RewardChoiceItemId4`, `RewardChoiceItemId5`, `RewardChoiceItemId6`, `RewardChoiceItemCount1`, `RewardChoiceItemCount2`, `RewardChoiceItemCount3`, `RewardChoiceItemCount4`, `RewardChoiceItemCount5`, `RewardChoiceItemCount6`, `RewardFactionId1`, `RewardFactionId2`, `RewardFactionId3`, `RewardFactionId4`, `RewardFactionId5`, `RewardFactionValueId1`, `RewardFactionValueId2`, `RewardFactionValueId3`, `RewardFactionValueId4`, `RewardFactionValueId5`, `RewardFactionValueIdOverride1`, `RewardFactionValueIdOverride2`, `RewardFactionValueIdOverride3`, `RewardFactionValueIdOverride4`, `RewardFactionValueIdOverride5`, `PointMapId`, `PointX`, `PointY`, `PointOption`, `Title`, `Objectives`, `Details`, `EndText`, `OfferRewardText`, `RequestItemsText`, `CompletedText`, `RequiredNpcOrGo1`, `RequiredNpcOrGo2`, `RequiredNpcOrGo3`, `RequiredNpcOrGo4`, `RequiredNpcOrGoCount1`, `RequiredNpcOrGoCount2`, `RequiredNpcOrGoCount3`, `RequiredNpcOrGoCount4`, `RequiredSourceItemId1`, `RequiredSourceItemId2`, `RequiredSourceItemId3`, `RequiredSourceItemId4`, `RequiredSourceItemCount1`, `RequiredSourceItemCount2`, `RequiredSourceItemCount3`, `RequiredSourceItemCount4`, `RequiredItemId1`, `RequiredItemId2`, `RequiredItemId3`, `RequiredItemId4`, `RequiredItemId5`, `RequiredItemId6`, `RequiredItemCount1`, `RequiredItemCount2`, `RequiredItemCount3`, `RequiredItemCount4`, `RequiredItemCount5`, `RequiredItemCount6`, `RequiredSpellCast1`, `RequiredSpellCast2`, `RequiredSpellCast3`, `RequiredSpellCast4`, `ObjectiveText1`, `ObjectiveText2`, `ObjectiveText3`, `ObjectiveText4`, `DetailsEmote1`, `DetailsEmote2`, `DetailsEmote3`, `DetailsEmote4`, `DetailsEmoteDelay1`, `DetailsEmoteDelay2`, `DetailsEmoteDelay3`, `DetailsEmoteDelay4`, `EmoteOnIncomplete`, `EmoteOnComplete`, `OfferRewardEmote1`, `OfferRewardEmote2`, `OfferRewardEmote3`, `OfferRewardEmote4`, `OfferRewardEmoteDelay1`, `OfferRewardEmoteDelay2`, `OfferRewardEmoteDelay3`, `OfferRewardEmoteDelay4`, `WDBVerified`) VALUES (26712, 2, 3, 1, 0, 4737, 0, 0, 0, 0, 0, 0, 0, 0, 0, 0, 0, 0, 0, 0, 0, 24520, 0, 0, 14109, 2, 0, 30, 0, 0, 0, 0, 0, 0, 0, 0, 0, 786432, 0, 0, 0, 0, 0, 47044, 0, 0, 0, 10, 0, 0, 0, 0, 0, 0, 0, 0, 0, 0, 0, 0, 0, 0, 0, 1133, 0, 0, 0, 1168, 2, 0, 0, 0, 9, 0, 0, 0, 0, 0, 0, 0, 0, 0, 'Off to the Bank', 'Speak with the FBoK Bank Teller at the First Bank of Kezan on Kezan.', 'Hi, babe. Are you ready for the party?$B$BNo?! You know I love you, right? I think you need to swing into town and buy a new outfit for the party.$B$BDon\'t look at me like that... you want to look your best? Don\'t you want to look good for me? I am your girlfriend after all!$B$BMake sure you swing by the bank first and pull out plenty of macaroons. Don\'t buy any of that cheap stuff!', '', 'Oh, it\'s you, sir! Sorry, I didn\'t recognize you at first with all of these commoners milling about.$B$BYou people cool your heels! $N is here!$B$BHere are your macaroons, sir. Come back anytime if you need more.', '', '', 0, 0, 0, 0, 0, 0, 0, 0, 0, 0, 0, 0, 0, 0, 0, 0, 0, 0, 0, 0, 0, 0, 0, 0, 0, 0, 0, 0, 0, 0, 0, 0, '', '', '', '', 0, 0, 0, 0, 0, 0, 0, 0, 0, 0, 0, 0, 0, 0, 0, 0, 0, 0, 1);

-- 14109
DELETE FROM `creature_questrelation` WHERE `quest` = 14109;
DELETE FROM `gameobject_questrelation` WHERE `quest` = 14109;
UPDATE `item_template` SET `StartQuest`=0 WHERE `StartQuest` = 14109;
INSERT INTO `creature_questrelation` (`id`, `quest`) VALUES (35120, 14109);
UPDATE `creature_template` SET `npcflag`=`npcflag`|2 WHERE `entry` = 35120;
DELETE FROM `creature_involvedrelation` WHERE `quest` = 14109;
DELETE FROM `gameobject_involvedrelation` WHERE `quest` = 14109;
INSERT INTO `creature_involvedrelation` (`id`, `quest`) VALUES (35053, 14109);
UPDATE `creature_template` SET `npcflag`=`npcflag`|2 WHERE `entry`=35053;
REPLACE INTO `quest_template` (`Id`, `Method`, `Level`, `MinLevel`, `MaxLevel`, `ZoneOrSort`, `Type`, `SuggestedPlayers`, `LimitTime`, `RequiredClasses`, `RequiredRaces`, `RequiredSkillId`, `RequiredSkillPoints`, `RequiredFactionId1`, `RequiredFactionId2`, `RequiredFactionValue1`, `RequiredFactionValue2`, `RequiredMinRepFaction`, `RequiredMaxRepFaction`, `RequiredMinRepValue`, `RequiredMaxRepValue`, `PrevQuestId`, `NextQuestId`, `ExclusiveGroup`, `NextQuestIdChain`, `RewardXPId`, `RewardOrRequiredMoney`, `RewardMoneyMaxLevel`, `RewardSpell`, `RewardSpellCast`, `RewardHonor`, `RewardHonorMultiplier`, `RewardMailTemplateId`, `RewardMailDelay`, `SourceItemId`, `SourceItemCount`, `SourceSpellId`, `Flags`, `SpecialFlags`, `RewardTitleId`, `RequiredPlayerKills`, `RewardTalents`, `RewardArenaPoints`, `RewardItemId1`, `RewardItemId2`, `RewardItemId3`, `RewardItemId4`, `RewardItemCount1`, `RewardItemCount2`, `RewardItemCount3`, `RewardItemCount4`, `RewardChoiceItemId1`, `RewardChoiceItemId2`, `RewardChoiceItemId3`, `RewardChoiceItemId4`, `RewardChoiceItemId5`, `RewardChoiceItemId6`, `RewardChoiceItemCount1`, `RewardChoiceItemCount2`, `RewardChoiceItemCount3`, `RewardChoiceItemCount4`, `RewardChoiceItemCount5`, `RewardChoiceItemCount6`, `RewardFactionId1`, `RewardFactionId2`, `RewardFactionId3`, `RewardFactionId4`, `RewardFactionId5`, `RewardFactionValueId1`, `RewardFactionValueId2`, `RewardFactionValueId3`, `RewardFactionValueId4`, `RewardFactionValueId5`, `RewardFactionValueIdOverride1`, `RewardFactionValueIdOverride2`, `RewardFactionValueIdOverride3`, `RewardFactionValueIdOverride4`, `RewardFactionValueIdOverride5`, `PointMapId`, `PointX`, `PointY`, `PointOption`, `Title`, `Objectives`, `Details`, `EndText`, `OfferRewardText`, `RequestItemsText`, `CompletedText`, `RequiredNpcOrGo1`, `RequiredNpcOrGo2`, `RequiredNpcOrGo3`, `RequiredNpcOrGo4`, `RequiredNpcOrGoCount1`, `RequiredNpcOrGoCount2`, `RequiredNpcOrGoCount3`, `RequiredNpcOrGoCount4`, `RequiredSourceItemId1`, `RequiredSourceItemId2`, `RequiredSourceItemId3`, `RequiredSourceItemId4`, `RequiredSourceItemCount1`, `RequiredSourceItemCount2`, `RequiredSourceItemCount3`, `RequiredSourceItemCount4`, `RequiredItemId1`, `RequiredItemId2`, `RequiredItemId3`, `RequiredItemId4`, `RequiredItemId5`, `RequiredItemId6`, `RequiredItemCount1`, `RequiredItemCount2`, `RequiredItemCount3`, `RequiredItemCount4`, `RequiredItemCount5`, `RequiredItemCount6`, `RequiredSpellCast1`, `RequiredSpellCast2`, `RequiredSpellCast3`, `RequiredSpellCast4`, `ObjectiveText1`, `ObjectiveText2`, `ObjectiveText3`, `ObjectiveText4`, `DetailsEmote1`, `DetailsEmote2`, `DetailsEmote3`, `DetailsEmote4`, `DetailsEmoteDelay1`, `DetailsEmoteDelay2`, `DetailsEmoteDelay3`, `DetailsEmoteDelay4`, `EmoteOnIncomplete`, `EmoteOnComplete`, `OfferRewardEmote1`, `OfferRewardEmote2`, `OfferRewardEmote3`, `OfferRewardEmote4`, `OfferRewardEmoteDelay1`, `OfferRewardEmoteDelay2`, `OfferRewardEmoteDelay3`, `OfferRewardEmoteDelay4`, `WDBVerified`) VALUES (14109, 2, 3, 1, 0, 4737, 0, 0, 0, 0, 0, 0, 0, 0, 0, 0, 0, 0, 0, 0, 0, 26712, 0, 0, 14113, 5, 50, 150, 0, 0, 0, 0, 0, 0, 0, 0, 0, 3670016, 0, 0, 0, 0, 0, 0, 0, 0, 0, 0, 0, 0, 0, 0, 0, 0, 0, 0, 0, 0, 0, 0, 0, 0, 0, 1133, 0, 0, 0, 1168, 5, 0, 0, 0, 9, 0, 0, 0, 0, 0, 0, 0, 0, 0, 'The New You', 'Buy some Shiny Bling from Gappy Silvertooth, a Hip New Outfit from Szabo, and some Cool Shades from Missa Spekkies on Swindle Street.', 'A new outfit? You don\'t say! There\'s quite a buzz surrounding your party. Everyone who\'s anyone on the island is going to be there.$B$BWell, happy shopping. Swindle Street has some of the best bargains anywhere!', 'Return to your girlfriend, Candy Cane, at KTC Headquarters on Kezan.', 'Oh, you are going to look so fine, but not as gorgeous as me! You\'re going to replace the Trade Prince any day now at the rate you\'re going!$B$BI can\'t wait to not have to work anymore! You\'re going to buy me everything that I want, right babe?$B$BLet me have all that stuff and I\'ll help you get into it right before the party.', '', '', 0, 0, 0, 0, 0, 0, 0, 0, 0, 0, 0, 0, 0, 0, 0, 0, 47045, 47046, 47047, 0, 0, 0, 1, 1, 1, 0, 0, 0, 0, 0, 0, 0, '', '', '', '', 0, 0, 0, 0, 0, 0, 0, 0, 0, 0, 0, 0, 0, 0, 0, 0, 0, 0, 1);

-- 14153
DELETE FROM `creature_questrelation` WHERE `quest` = 14153;

-- 14113
DELETE FROM `creature_questrelation` WHERE `quest` = 14113;
DELETE FROM `gameobject_questrelation` WHERE `quest` = 14113;
UPDATE `item_template` SET `StartQuest`=0 WHERE `StartQuest` = 14113;
INSERT INTO `creature_questrelation` (`id`, `quest`) VALUES (35053, 14113);
UPDATE `creature_template` SET `npcflag`=`npcflag`|2 WHERE `entry` = 35053;
DELETE FROM `creature_involvedrelation` WHERE `quest` = 14113;
DELETE FROM `gameobject_involvedrelation` WHERE `quest` = 14113;
INSERT INTO `creature_involvedrelation` (`id`, `quest`) VALUES (34668, 14113);
UPDATE `creature_template` SET `npcflag`=`npcflag`|2 WHERE `entry`=34668;
REPLACE INTO `quest_template` (`Id`, `Method`, `Level`, `MinLevel`, `MaxLevel`, `ZoneOrSort`, `Type`, `SuggestedPlayers`, `LimitTime`, `RequiredClasses`, `RequiredRaces`, `RequiredSkillId`, `RequiredSkillPoints`, `RequiredFactionId1`, `RequiredFactionId2`, `RequiredFactionValue1`, `RequiredFactionValue2`, `RequiredMinRepFaction`, `RequiredMaxRepFaction`, `RequiredMinRepValue`, `RequiredMaxRepValue`, `PrevQuestId`, `NextQuestId`, `ExclusiveGroup`, `NextQuestIdChain`, `RewardXPId`, `RewardOrRequiredMoney`, `RewardMoneyMaxLevel`, `RewardSpell`, `RewardSpellCast`, `RewardHonor`, `RewardHonorMultiplier`, `RewardMailTemplateId`, `RewardMailDelay`, `SourceItemId`, `SourceItemCount`, `SourceSpellId`, `Flags`, `SpecialFlags`, `RewardTitleId`, `RequiredPlayerKills`, `RewardTalents`, `RewardArenaPoints`, `RewardItemId1`, `RewardItemId2`, `RewardItemId3`, `RewardItemId4`, `RewardItemCount1`, `RewardItemCount2`, `RewardItemCount3`, `RewardItemCount4`, `RewardChoiceItemId1`, `RewardChoiceItemId2`, `RewardChoiceItemId3`, `RewardChoiceItemId4`, `RewardChoiceItemId5`, `RewardChoiceItemId6`, `RewardChoiceItemCount1`, `RewardChoiceItemCount2`, `RewardChoiceItemCount3`, `RewardChoiceItemCount4`, `RewardChoiceItemCount5`, `RewardChoiceItemCount6`, `RewardFactionId1`, `RewardFactionId2`, `RewardFactionId3`, `RewardFactionId4`, `RewardFactionId5`, `RewardFactionValueId1`, `RewardFactionValueId2`, `RewardFactionValueId3`, `RewardFactionValueId4`, `RewardFactionValueId5`, `RewardFactionValueIdOverride1`, `RewardFactionValueIdOverride2`, `RewardFactionValueIdOverride3`, `RewardFactionValueIdOverride4`, `RewardFactionValueIdOverride5`, `PointMapId`, `PointX`, `PointY`, `PointOption`, `Title`, `Objectives`, `Details`, `EndText`, `OfferRewardText`, `RequestItemsText`, `CompletedText`, `RequiredNpcOrGo1`, `RequiredNpcOrGo2`, `RequiredNpcOrGo3`, `RequiredNpcOrGo4`, `RequiredNpcOrGoCount1`, `RequiredNpcOrGoCount2`, `RequiredNpcOrGoCount3`, `RequiredNpcOrGoCount4`, `RequiredSourceItemId1`, `RequiredSourceItemId2`, `RequiredSourceItemId3`, `RequiredSourceItemId4`, `RequiredSourceItemCount1`, `RequiredSourceItemCount2`, `RequiredSourceItemCount3`, `RequiredSourceItemCount4`, `RequiredItemId1`, `RequiredItemId2`, `RequiredItemId3`, `RequiredItemId4`, `RequiredItemId5`, `RequiredItemId6`, `RequiredItemCount1`, `RequiredItemCount2`, `RequiredItemCount3`, `RequiredItemCount4`, `RequiredItemCount5`, `RequiredItemCount6`, `RequiredSpellCast1`, `RequiredSpellCast2`, `RequiredSpellCast3`, `RequiredSpellCast4`, `ObjectiveText1`, `ObjectiveText2`, `ObjectiveText3`, `ObjectiveText4`, `DetailsEmote1`, `DetailsEmote2`, `DetailsEmote3`, `DetailsEmote4`, `DetailsEmoteDelay1`, `DetailsEmoteDelay2`, `DetailsEmoteDelay3`, `DetailsEmoteDelay4`, `EmoteOnIncomplete`, `EmoteOnComplete`, `OfferRewardEmote1`, `OfferRewardEmote2`, `OfferRewardEmote3`, `OfferRewardEmote4`, `OfferRewardEmoteDelay1`, `OfferRewardEmoteDelay2`, `OfferRewardEmoteDelay3`, `OfferRewardEmoteDelay4`, `WDBVerified`) VALUES (14113, 2, 3, 1, 0, 4737, 0, 0, 0, 0, 0, 0, 0, 0, 0, 0, 0, 0, 0, 0, 0, 14109, 0, 0, 14115, 5, 50, 150, 0, 0, 0, 0, 0, 0, 0, 0, 0, 0, 0, 0, 0, 0, 0, 0, 0, 0, 0, 0, 0, 0, 0, 0, 0, 0, 0, 0, 0, 0, 0, 0, 0, 0, 0, 1133, 0, 0, 0, 1168, 5, 0, 0, 0, 9, 0, 0, 0, 0, 0, 0, 0, 0, 0, 'Life of the Party', 'Put on your Awesome Party Ensemble (Cool Shades, Hip New Outfit, and Shiny Bling) and then head over to the party at the KTC Headquarters pool to entertain 10 Kezan Partygoers.', 'Oh my gosh, babe! Everyone is here! Who cares about some stupid dragon?$B$BWe setup the party around the pool. Sounds like they\'re having a great time. You are going to look so good!$B$BWhy don\'t you head over to the pool and keep everyone entertained? I\'ll join you in a moment... I just have to slip into something even more amazing!', 'Return to Sassy Hardwrench at KTC Headquarters on Kezan.', 'Very nicely done, sir. The party appears to have been a smashing success!$B$BEr... what\'s that?', '', '', 35175, 0, 0, 0, 10, 0, 0, 0, 0, 0, 0, 0, 0, 0, 0, 0, 0, 0, 0, 0, 0, 0, 0, 0, 0, 0, 0, 0, 0, 0, 0, 0, 'Partygoer entertained', '', '', '', 0, 0, 0, 0, 0, 0, 0, 0, 0, 0, 0, 0, 0, 0, 0, 0, 0, 0, 1);


-- 14115
DELETE FROM `creature_questrelation` WHERE `quest` = 14115;
DELETE FROM `gameobject_questrelation` WHERE `quest` = 14115;
UPDATE `item_template` SET `StartQuest`=0 WHERE `StartQuest` = 14115;
INSERT INTO `creature_questrelation` (`id`, `quest`) VALUES (34668, 14115);
UPDATE `creature_template` SET `npcflag`=`npcflag`|2 WHERE `entry` = 34668;
DELETE FROM `creature_involvedrelation` WHERE `quest` = 14115;
DELETE FROM `gameobject_involvedrelation` WHERE `quest` = 14115;
INSERT INTO `creature_involvedrelation` (`id`, `quest`) VALUES (34668, 14115);
UPDATE `creature_template` SET `npcflag`=`npcflag`|2 WHERE `entry`=34668;
REPLACE INTO `quest_template` (`Id`, `Method`, `Level`, `MinLevel`, `MaxLevel`, `ZoneOrSort`, `Type`, `SuggestedPlayers`, `LimitTime`, `RequiredClasses`, `RequiredRaces`, `RequiredSkillId`, `RequiredSkillPoints`, `RequiredFactionId1`, `RequiredFactionId2`, `RequiredFactionValue1`, `RequiredFactionValue2`, `RequiredMinRepFaction`, `RequiredMaxRepFaction`, `RequiredMinRepValue`, `RequiredMaxRepValue`, `PrevQuestId`, `NextQuestId`, `ExclusiveGroup`, `NextQuestIdChain`, `RewardXPId`, `RewardOrRequiredMoney`, `RewardMoneyMaxLevel`, `RewardSpell`, `RewardSpellCast`, `RewardHonor`, `RewardHonorMultiplier`, `RewardMailTemplateId`, `RewardMailDelay`, `SourceItemId`, `SourceItemCount`, `SourceSpellId`, `Flags`, `SpecialFlags`, `RewardTitleId`, `RequiredPlayerKills`, `RewardTalents`, `RewardArenaPoints`, `RewardItemId1`, `RewardItemId2`, `RewardItemId3`, `RewardItemId4`, `RewardItemCount1`, `RewardItemCount2`, `RewardItemCount3`, `RewardItemCount4`, `RewardChoiceItemId1`, `RewardChoiceItemId2`, `RewardChoiceItemId3`, `RewardChoiceItemId4`, `RewardChoiceItemId5`, `RewardChoiceItemId6`, `RewardChoiceItemCount1`, `RewardChoiceItemCount2`, `RewardChoiceItemCount3`, `RewardChoiceItemCount4`, `RewardChoiceItemCount5`, `RewardChoiceItemCount6`, `RewardFactionId1`, `RewardFactionId2`, `RewardFactionId3`, `RewardFactionId4`, `RewardFactionId5`, `RewardFactionValueId1`, `RewardFactionValueId2`, `RewardFactionValueId3`, `RewardFactionValueId4`, `RewardFactionValueId5`, `RewardFactionValueIdOverride1`, `RewardFactionValueIdOverride2`, `RewardFactionValueIdOverride3`, `RewardFactionValueIdOverride4`, `RewardFactionValueIdOverride5`, `PointMapId`, `PointX`, `PointY`, `PointOption`, `Title`, `Objectives`, `Details`, `EndText`, `OfferRewardText`, `RequestItemsText`, `CompletedText`, `RequiredNpcOrGo1`, `RequiredNpcOrGo2`, `RequiredNpcOrGo3`, `RequiredNpcOrGo4`, `RequiredNpcOrGoCount1`, `RequiredNpcOrGoCount2`, `RequiredNpcOrGoCount3`, `RequiredNpcOrGoCount4`, `RequiredSourceItemId1`, `RequiredSourceItemId2`, `RequiredSourceItemId3`, `RequiredSourceItemId4`, `RequiredSourceItemCount1`, `RequiredSourceItemCount2`, `RequiredSourceItemCount3`, `RequiredSourceItemCount4`, `RequiredItemId1`, `RequiredItemId2`, `RequiredItemId3`, `RequiredItemId4`, `RequiredItemId5`, `RequiredItemId6`, `RequiredItemCount1`, `RequiredItemCount2`, `RequiredItemCount3`, `RequiredItemCount4`, `RequiredItemCount5`, `RequiredItemCount6`, `RequiredSpellCast1`, `RequiredSpellCast2`, `RequiredSpellCast3`, `RequiredSpellCast4`, `ObjectiveText1`, `ObjectiveText2`, `ObjectiveText3`, `ObjectiveText4`, `DetailsEmote1`, `DetailsEmote2`, `DetailsEmote3`, `DetailsEmote4`, `DetailsEmoteDelay1`, `DetailsEmoteDelay2`, `DetailsEmoteDelay3`, `DetailsEmoteDelay4`, `EmoteOnIncomplete`, `EmoteOnComplete`, `OfferRewardEmote1`, `OfferRewardEmote2`, `OfferRewardEmote3`, `OfferRewardEmote4`, `OfferRewardEmoteDelay1`, `OfferRewardEmoteDelay2`, `OfferRewardEmoteDelay3`, `OfferRewardEmoteDelay4`, `WDBVerified`) VALUES (14115, 2, 4, 1, 0, 4737, 0, 0, 0, 0, 0, 0, 0, 0, 0, 0, 0, 0, 0, 0, 0, 14113, 0, 0, 14116, 5, 75, 210, 0, 0, 0, 0, 0, 0, 0, 0, 59073, 0, 0, 0, 0, 0, 0, 0, 0, 0, 0, 0, 0, 0, 0, 54302, 54303, 0, 0, 0, 0, 1, 1, 0, 0, 0, 0, 1133, 0, 0, 0, 1168, 5, 0, 0, 0, 9, 0, 0, 0, 0, 0, 0, 0, 0, 0, 'Pirate Party Crashers', 'Kill 12 Pirate Party Crashers in order to save your career.', 'Oh my gosh! Pirates!$B$B$N, there are Southsea pirates crashing your party!$B$BYou have to get in there and do something about this or your career, and any chance of you being the next Trade $G Prince : Princess;, is going to be ruined!', 'Return to Sassy Hardwrench at KTC Headquarters on Kezan.', 'Phew, that was close, boss. Unfortunately, I\'m the bearer of more bad news.$B$BPlease don\'t shoot me....', '', '', 35200, 0, 0, 0, 12, 0, 0, 0, 0, 0, 0, 0, 0, 0, 0, 0, 0, 0, 0, 0, 0, 0, 0, 0, 0, 0, 0, 0, 0, 0, 0, 0, '', '', '', '', 0, 0, 0, 0, 0, 0, 0, 0, 0, 0, 0, 0, 0, 0, 0, 0, 0, 0, 1);


-- 14116
DELETE FROM `creature_questrelation` WHERE `quest` = 14116;
DELETE FROM `gameobject_questrelation` WHERE `quest` = 14116;
UPDATE `item_template` SET `StartQuest`=0 WHERE `StartQuest` = 14116;
INSERT INTO `creature_questrelation` (`id`, `quest`) VALUES (34668, 14116);
UPDATE `creature_template` SET `npcflag`=`npcflag`|2 WHERE `entry` = 34668;
DELETE FROM `creature_involvedrelation` WHERE `quest` = 14116;
DELETE FROM `gameobject_involvedrelation` WHERE `quest` = 14116;
INSERT INTO `creature_involvedrelation` (`id`, `quest`) VALUES (35222, 14116);
UPDATE `creature_template` SET `npcflag`=`npcflag`|2 WHERE `entry`=35222;
REPLACE INTO `quest_template` (`Id`, `Method`, `Level`, `MinLevel`, `MaxLevel`, `ZoneOrSort`, `Type`, `SuggestedPlayers`, `LimitTime`, `RequiredClasses`, `RequiredRaces`, `RequiredSkillId`, `RequiredSkillPoints`, `RequiredFactionId1`, `RequiredFactionId2`, `RequiredFactionValue1`, `RequiredFactionValue2`, `RequiredMinRepFaction`, `RequiredMaxRepFaction`, `RequiredMinRepValue`, `RequiredMaxRepValue`, `PrevQuestId`, `NextQuestId`, `ExclusiveGroup`, `NextQuestIdChain`, `RewardXPId`, `RewardOrRequiredMoney`, `RewardMoneyMaxLevel`, `RewardSpell`, `RewardSpellCast`, `RewardHonor`, `RewardHonorMultiplier`, `RewardMailTemplateId`, `RewardMailDelay`, `SourceItemId`, `SourceItemCount`, `SourceSpellId`, `Flags`, `SpecialFlags`, `RewardTitleId`, `RequiredPlayerKills`, `RewardTalents`, `RewardArenaPoints`, `RewardItemId1`, `RewardItemId2`, `RewardItemId3`, `RewardItemId4`, `RewardItemCount1`, `RewardItemCount2`, `RewardItemCount3`, `RewardItemCount4`, `RewardChoiceItemId1`, `RewardChoiceItemId2`, `RewardChoiceItemId3`, `RewardChoiceItemId4`, `RewardChoiceItemId5`, `RewardChoiceItemId6`, `RewardChoiceItemCount1`, `RewardChoiceItemCount2`, `RewardChoiceItemCount3`, `RewardChoiceItemCount4`, `RewardChoiceItemCount5`, `RewardChoiceItemCount6`, `RewardFactionId1`, `RewardFactionId2`, `RewardFactionId3`, `RewardFactionId4`, `RewardFactionId5`, `RewardFactionValueId1`, `RewardFactionValueId2`, `RewardFactionValueId3`, `RewardFactionValueId4`, `RewardFactionValueId5`, `RewardFactionValueIdOverride1`, `RewardFactionValueIdOverride2`, `RewardFactionValueIdOverride3`, `RewardFactionValueIdOverride4`, `RewardFactionValueIdOverride5`, `PointMapId`, `PointX`, `PointY`, `PointOption`, `Title`, `Objectives`, `Details`, `EndText`, `OfferRewardText`, `RequestItemsText`, `CompletedText`, `RequiredNpcOrGo1`, `RequiredNpcOrGo2`, `RequiredNpcOrGo3`, `RequiredNpcOrGo4`, `RequiredNpcOrGoCount1`, `RequiredNpcOrGoCount2`, `RequiredNpcOrGoCount3`, `RequiredNpcOrGoCount4`, `RequiredSourceItemId1`, `RequiredSourceItemId2`, `RequiredSourceItemId3`, `RequiredSourceItemId4`, `RequiredSourceItemCount1`, `RequiredSourceItemCount2`, `RequiredSourceItemCount3`, `RequiredSourceItemCount4`, `RequiredItemId1`, `RequiredItemId2`, `RequiredItemId3`, `RequiredItemId4`, `RequiredItemId5`, `RequiredItemId6`, `RequiredItemCount1`, `RequiredItemCount2`, `RequiredItemCount3`, `RequiredItemCount4`, `RequiredItemCount5`, `RequiredItemCount6`, `RequiredSpellCast1`, `RequiredSpellCast2`, `RequiredSpellCast3`, `RequiredSpellCast4`, `ObjectiveText1`, `ObjectiveText2`, `ObjectiveText3`, `ObjectiveText4`, `DetailsEmote1`, `DetailsEmote2`, `DetailsEmote3`, `DetailsEmote4`, `DetailsEmoteDelay1`, `DetailsEmoteDelay2`, `DetailsEmoteDelay3`, `DetailsEmoteDelay4`, `EmoteOnIncomplete`, `EmoteOnComplete`, `OfferRewardEmote1`, `OfferRewardEmote2`, `OfferRewardEmote3`, `OfferRewardEmote4`, `OfferRewardEmoteDelay1`, `OfferRewardEmoteDelay2`, `OfferRewardEmoteDelay3`, `OfferRewardEmoteDelay4`, `WDBVerified`) VALUES (14116, 2, 4, 1, 0, 4737, 0, 0, 0, 0, 0, 0, 0, 0, 0, 0, 0, 0, 0, 0, 0, 14115, 0, 0, 14120, 1, 0, 30, 59087, 0, 0, 0, 0, 0, 0, 0, 0, 4980736, 0, 0, 0, 0, 0, 0, 0, 0, 0, 0, 0, 0, 0, 0, 0, 0, 0, 0, 0, 0, 0, 0, 0, 0, 0, 1133, 0, 0, 0, 1168, 1, 0, 0, 0, 9, 0, 0, 0, 0, 0, 0, 0, 0, 0, 'The Uninvited Guest', 'Speak with Trade Prince Gallywix upstairs at the KTC Headquarters main building on Kezan.', 'While you were dealing with the pirates, I noticed the Trade Prince slip upstairs. He\'s up on the balcony at the top of the stairs.$B$B$N, I think he\'s the one that sent the pirates.$B$B<Sassy cringes.>$B$BYou\'d better get up there A.S.A.P.! You wouldn\'t want to keep him waiting.', '', 'Well, well, well, if it isn\'t my wayward protege, Mr. $N.$B$BI\'m hurt and disappointed. You didn\'t send me an invitation to your little party out there. Sorry about the crashers... you know how pirates can be.$B$BSo, shall we get down to business?', '', '', 0, 0, 0, 0, 0, 0, 0, 0, 0, 0, 0, 0, 0, 0, 0, 0, 0, 0, 0, 0, 0, 0, 0, 0, 0, 0, 0, 0, 0, 0, 0, 0, '', '', '', '', 0, 0, 0, 0, 0, 0, 0, 0, 0, 0, 0, 0, 0, 0, 0, 0, 0, 0, 1);

-- 14120
DELETE FROM `creature_questrelation` WHERE `quest` = 14120;
DELETE FROM `gameobject_questrelation` WHERE `quest` = 14120;
UPDATE `item_template` SET `StartQuest`=0 WHERE `StartQuest` = 14120;
INSERT INTO `creature_questrelation` (`id`, `quest`) VALUES (35222, 14120);
UPDATE `creature_template` SET `npcflag`=`npcflag`|2 WHERE `entry` = 35222;
DELETE FROM `creature_involvedrelation` WHERE `quest` = 14120;
DELETE FROM `gameobject_involvedrelation` WHERE `quest` = 14120;
INSERT INTO `creature_involvedrelation` (`id`, `quest`) VALUES (34668, 14120);
UPDATE `creature_template` SET `npcflag`=`npcflag`|2 WHERE `entry`=34668;
REPLACE INTO `quest_template` (`Id`, `Method`, `Level`, `MinLevel`, `MaxLevel`, `ZoneOrSort`, `Type`, `SuggestedPlayers`, `LimitTime`, `RequiredClasses`, `RequiredRaces`, `RequiredSkillId`, `RequiredSkillPoints`, `RequiredFactionId1`, `RequiredFactionId2`, `RequiredFactionValue1`, `RequiredFactionValue2`, `RequiredMinRepFaction`, `RequiredMaxRepFaction`, `RequiredMinRepValue`, `RequiredMaxRepValue`, `PrevQuestId`, `NextQuestId`, `ExclusiveGroup`, `NextQuestIdChain`, `RewardXPId`, `RewardOrRequiredMoney`, `RewardMoneyMaxLevel`, `RewardSpell`, `RewardSpellCast`, `RewardHonor`, `RewardHonorMultiplier`, `RewardMailTemplateId`, `RewardMailDelay`, `SourceItemId`, `SourceItemCount`, `SourceSpellId`, `Flags`, `SpecialFlags`, `RewardTitleId`, `RequiredPlayerKills`, `RewardTalents`, `RewardArenaPoints`, `RewardItemId1`, `RewardItemId2`, `RewardItemId3`, `RewardItemId4`, `RewardItemCount1`, `RewardItemCount2`, `RewardItemCount3`, `RewardItemCount4`, `RewardChoiceItemId1`, `RewardChoiceItemId2`, `RewardChoiceItemId3`, `RewardChoiceItemId4`, `RewardChoiceItemId5`, `RewardChoiceItemId6`, `RewardChoiceItemCount1`, `RewardChoiceItemCount2`, `RewardChoiceItemCount3`, `RewardChoiceItemCount4`, `RewardChoiceItemCount5`, `RewardChoiceItemCount6`, `RewardFactionId1`, `RewardFactionId2`, `RewardFactionId3`, `RewardFactionId4`, `RewardFactionId5`, `RewardFactionValueId1`, `RewardFactionValueId2`, `RewardFactionValueId3`, `RewardFactionValueId4`, `RewardFactionValueId5`, `RewardFactionValueIdOverride1`, `RewardFactionValueIdOverride2`, `RewardFactionValueIdOverride3`, `RewardFactionValueIdOverride4`, `RewardFactionValueIdOverride5`, `PointMapId`, `PointX`, `PointY`, `PointOption`, `Title`, `Objectives`, `Details`, `EndText`, `OfferRewardText`, `RequestItemsText`, `CompletedText`, `RequiredNpcOrGo1`, `RequiredNpcOrGo2`, `RequiredNpcOrGo3`, `RequiredNpcOrGo4`, `RequiredNpcOrGoCount1`, `RequiredNpcOrGoCount2`, `RequiredNpcOrGoCount3`, `RequiredNpcOrGoCount4`, `RequiredSourceItemId1`, `RequiredSourceItemId2`, `RequiredSourceItemId3`, `RequiredSourceItemId4`, `RequiredSourceItemCount1`, `RequiredSourceItemCount2`, `RequiredSourceItemCount3`, `RequiredSourceItemCount4`, `RequiredItemId1`, `RequiredItemId2`, `RequiredItemId3`, `RequiredItemId4`, `RequiredItemId5`, `RequiredItemId6`, `RequiredItemCount1`, `RequiredItemCount2`, `RequiredItemCount3`, `RequiredItemCount4`, `RequiredItemCount5`, `RequiredItemCount6`, `RequiredSpellCast1`, `RequiredSpellCast2`, `RequiredSpellCast3`, `RequiredSpellCast4`, `ObjectiveText1`, `ObjectiveText2`, `ObjectiveText3`, `ObjectiveText4`, `DetailsEmote1`, `DetailsEmote2`, `DetailsEmote3`, `DetailsEmote4`, `DetailsEmoteDelay1`, `DetailsEmoteDelay2`, `DetailsEmoteDelay3`, `DetailsEmoteDelay4`, `EmoteOnIncomplete`, `EmoteOnComplete`, `OfferRewardEmote1`, `OfferRewardEmote2`, `OfferRewardEmote3`, `OfferRewardEmote4`, `OfferRewardEmoteDelay1`, `OfferRewardEmoteDelay2`, `OfferRewardEmoteDelay3`, `OfferRewardEmoteDelay4`, `WDBVerified`) VALUES (14120, 2, 4, 1, 0, 4737, 0, 0, 0, 0, 0, 0, 0, 0, 0, 0, 0, 0, 0, 0, 0, 14116, 0, 0, 14122, 1, 0, 30, 0, 0, 0, 0, 0, 0, 0, 0, 0, 6029312, 0, 0, 0, 0, 0, 0, 0, 0, 0, 0, 0, 0, 0, 0, 0, 0, 0, 0, 0, 0, 0, 0, 0, 0, 0, 1133, 0, 0, 0, 1168, 1, 0, 0, 0, 9, 0, 0, 0, 0, 0, 0, 0, 0, 0, 'A Bazillion Macaroons?!', 'Speak with Sassy Hardwrench at KTC Headquarters on Kezan.', 'You\'re an extremely ambitious young goblin, $N. Maybe a little too ambitious for your own good. I see a lot of myself in you when I was your age.$B$BI have a proposition. You might have noticed that Mount Kajaro is exploding thanks to your dragon. Everyone on Kezan is going to die!$B$BBut, if you bring me a bazillion macaroons before my yacht leaves the island, I\'ll make sure that you\'re one of the lucky few to escape.$B$BIf you want to live, you better hurry and figure out how to get me my moolah!', '', 'A bazillion macaroons?!?! Where are we going to get that kind of moolah?$B$B$B$BUm... did the Trade Prince say anything about letting me escape with you on his yacht?', '', '', 0, 0, 0, 0, 0, 0, 0, 0, 0, 0, 0, 0, 0, 0, 0, 0, 0, 0, 0, 0, 0, 0, 0, 0, 0, 0, 0, 0, 0, 0, 0, 0, '', '', '', '', 0, 0, 0, 0, 0, 0, 0, 0, 0, 0, 0, 0, 0, 0, 0, 0, 0, 0, 1);

-- 14122
DELETE FROM `creature_questrelation` WHERE `quest` = 14122;
DELETE FROM `gameobject_questrelation` WHERE `quest` = 14122;
UPDATE `item_template` SET `StartQuest`=0 WHERE `StartQuest` = 14122;
INSERT INTO `creature_questrelation` (`id`, `quest`) VALUES (34668, 14122);
UPDATE `creature_template` SET `npcflag`=`npcflag`|2 WHERE `entry` = 34668;
DELETE FROM `creature_involvedrelation` WHERE `quest` = 14122;
DELETE FROM `gameobject_involvedrelation` WHERE `quest` = 14122;
INSERT INTO `creature_involvedrelation` (`id`, `quest`) VALUES (34668, 14122);
UPDATE `creature_template` SET `npcflag`=`npcflag`|2 WHERE `entry`=34668;
REPLACE INTO `quest_template` (`Id`, `Method`, `Level`, `MinLevel`, `MaxLevel`, `ZoneOrSort`, `Type`, `SuggestedPlayers`, `LimitTime`, `RequiredClasses`, `RequiredRaces`, `RequiredSkillId`, `RequiredSkillPoints`, `RequiredFactionId1`, `RequiredFactionId2`, `RequiredFactionValue1`, `RequiredFactionValue2`, `RequiredMinRepFaction`, `RequiredMaxRepFaction`, `RequiredMinRepValue`, `RequiredMaxRepValue`, `PrevQuestId`, `NextQuestId`, `ExclusiveGroup`, `NextQuestIdChain`, `RewardXPId`, `RewardOrRequiredMoney`, `RewardMoneyMaxLevel`, `RewardSpell`, `RewardSpellCast`, `RewardHonor`, `RewardHonorMultiplier`, `RewardMailTemplateId`, `RewardMailDelay`, `SourceItemId`, `SourceItemCount`, `SourceSpellId`, `Flags`, `SpecialFlags`, `RewardTitleId`, `RequiredPlayerKills`, `RewardTalents`, `RewardArenaPoints`, `RewardItemId1`, `RewardItemId2`, `RewardItemId3`, `RewardItemId4`, `RewardItemCount1`, `RewardItemCount2`, `RewardItemCount3`, `RewardItemCount4`, `RewardChoiceItemId1`, `RewardChoiceItemId2`, `RewardChoiceItemId3`, `RewardChoiceItemId4`, `RewardChoiceItemId5`, `RewardChoiceItemId6`, `RewardChoiceItemCount1`, `RewardChoiceItemCount2`, `RewardChoiceItemCount3`, `RewardChoiceItemCount4`, `RewardChoiceItemCount5`, `RewardChoiceItemCount6`, `RewardFactionId1`, `RewardFactionId2`, `RewardFactionId3`, `RewardFactionId4`, `RewardFactionId5`, `RewardFactionValueId1`, `RewardFactionValueId2`, `RewardFactionValueId3`, `RewardFactionValueId4`, `RewardFactionValueId5`, `RewardFactionValueIdOverride1`, `RewardFactionValueIdOverride2`, `RewardFactionValueIdOverride3`, `RewardFactionValueIdOverride4`, `RewardFactionValueIdOverride5`, `PointMapId`, `PointX`, `PointY`, `PointOption`, `Title`, `Objectives`, `Details`, `EndText`, `OfferRewardText`, `RequestItemsText`, `CompletedText`, `RequiredNpcOrGo1`, `RequiredNpcOrGo2`, `RequiredNpcOrGo3`, `RequiredNpcOrGo4`, `RequiredNpcOrGoCount1`, `RequiredNpcOrGoCount2`, `RequiredNpcOrGoCount3`, `RequiredNpcOrGoCount4`, `RequiredSourceItemId1`, `RequiredSourceItemId2`, `RequiredSourceItemId3`, `RequiredSourceItemId4`, `RequiredSourceItemCount1`, `RequiredSourceItemCount2`, `RequiredSourceItemCount3`, `RequiredSourceItemCount4`, `RequiredItemId1`, `RequiredItemId2`, `RequiredItemId3`, `RequiredItemId4`, `RequiredItemId5`, `RequiredItemId6`, `RequiredItemCount1`, `RequiredItemCount2`, `RequiredItemCount3`, `RequiredItemCount4`, `RequiredItemCount5`, `RequiredItemCount6`, `RequiredSpellCast1`, `RequiredSpellCast2`, `RequiredSpellCast3`, `RequiredSpellCast4`, `ObjectiveText1`, `ObjectiveText2`, `ObjectiveText3`, `ObjectiveText4`, `DetailsEmote1`, `DetailsEmote2`, `DetailsEmote3`, `DetailsEmote4`, `DetailsEmoteDelay1`, `DetailsEmoteDelay2`, `DetailsEmoteDelay3`, `DetailsEmoteDelay4`, `EmoteOnIncomplete`, `EmoteOnComplete`, `OfferRewardEmote1`, `OfferRewardEmote2`, `OfferRewardEmote3`, `OfferRewardEmote4`, `OfferRewardEmoteDelay1`, `OfferRewardEmoteDelay2`, `OfferRewardEmoteDelay3`, `OfferRewardEmoteDelay4`, `WDBVerified`) VALUES (14122, 2, 4, 1, 0, 4737, 0, 0, 0, 0, 0, 0, 0, 0, 0, 0, 0, 0, 0, 0, 0, 14120, 0, 0, 14125, 5, 75, 210, 0, 0, 0, 0, 0, 0, 0, 0, 0, 524288, 0, 0, 0, 0, 0, 56148, 0, 0, 0, 1, 0, 0, 0, 54304, 54305, 54306, 0, 0, 0, 1, 1, 1, 0, 0, 0, 1133, 0, 0, 0, 1168, 5, 0, 0, 0, 9, 0, 0, 0, 0, 0, 0, 0, 0, 0, 'The Great Bank Heist', 'Crack the vault at the First Bank of Kezan to retrieve your Personal Riches.', 'All of your assets have been frozen and the First Bank of Kezan is out of business!$B$BYou need an awful lot of moolah, boss. I think you\'re going to have to go break your own money out of the bank! The different widgets in your Goblin All-In-1-Der belt should be enough to crack the vault.$B$BI just hope that you\'ve been saving for a rainy day like I always told you to do. You might have noticed... it\'s raining hot liquid magma!!!', 'Return to Sassy Hardwrench at KTC Headquarters on Kezan.', 'Hey, you have been saving! I\'m so proud of you!$B$B$B$BUm, boss... this isn\'t nearly enough.', '', '', 35486, 0, 0, 0, 1, 0, 0, 0, 0, 0, 0, 0, 0, 0, 0, 0, 46858, 0, 0, 0, 0, 0, 1, 0, 0, 0, 0, 0, 0, 0, 0, 0, 'First Bank of Kezan Vault', '', '', '', 0, 0, 0, 0, 0, 0, 0, 0, 0, 0, 0, 0, 0, 0, 0, 0, 0, 0, 1);

-- 14125
DELETE FROM `creature_questrelation` WHERE `quest` = 14125;
DELETE FROM `gameobject_questrelation` WHERE `quest` = 14125;
UPDATE `item_template` SET `StartQuest`=0 WHERE `StartQuest` = 14125;
INSERT INTO `creature_questrelation` (`id`, `quest`) VALUES (34668, 14125);
UPDATE `creature_template` SET `npcflag`=`npcflag`|2 WHERE `entry` = 34668;
INSERT INTO `creature_questrelation` (`id`, `quest`) VALUES (37598, 14125);
UPDATE `creature_template` SET `npcflag`=`npcflag`|2 WHERE `entry` = 37598;
DELETE FROM `creature_involvedrelation` WHERE `quest` = 14125;
DELETE FROM `gameobject_involvedrelation` WHERE `quest` = 14125;
INSERT INTO `creature_involvedrelation` (`id`, `quest`) VALUES (37602, 14125);
UPDATE `creature_template` SET `npcflag`=`npcflag`|2 WHERE `entry`=37602;
REPLACE INTO `quest_template` (`Id`, `Method`, `Level`, `MinLevel`, `MaxLevel`, `ZoneOrSort`, `Type`, `SuggestedPlayers`, `LimitTime`, `RequiredClasses`, `RequiredRaces`, `RequiredSkillId`, `RequiredSkillPoints`, `RequiredFactionId1`, `RequiredFactionId2`, `RequiredFactionValue1`, `RequiredFactionValue2`, `RequiredMinRepFaction`, `RequiredMaxRepFaction`, `RequiredMinRepValue`, `RequiredMaxRepValue`, `PrevQuestId`, `NextQuestId`, `ExclusiveGroup`, `NextQuestIdChain`, `RewardXPId`, `RewardOrRequiredMoney`, `RewardMoneyMaxLevel`, `RewardSpell`, `RewardSpellCast`, `RewardHonor`, `RewardHonorMultiplier`, `RewardMailTemplateId`, `RewardMailDelay`, `SourceItemId`, `SourceItemCount`, `SourceSpellId`, `Flags`, `SpecialFlags`, `RewardTitleId`, `RequiredPlayerKills`, `RewardTalents`, `RewardArenaPoints`, `RewardItemId1`, `RewardItemId2`, `RewardItemId3`, `RewardItemId4`, `RewardItemCount1`, `RewardItemCount2`, `RewardItemCount3`, `RewardItemCount4`, `RewardChoiceItemId1`, `RewardChoiceItemId2`, `RewardChoiceItemId3`, `RewardChoiceItemId4`, `RewardChoiceItemId5`, `RewardChoiceItemId6`, `RewardChoiceItemCount1`, `RewardChoiceItemCount2`, `RewardChoiceItemCount3`, `RewardChoiceItemCount4`, `RewardChoiceItemCount5`, `RewardChoiceItemCount6`, `RewardFactionId1`, `RewardFactionId2`, `RewardFactionId3`, `RewardFactionId4`, `RewardFactionId5`, `RewardFactionValueId1`, `RewardFactionValueId2`, `RewardFactionValueId3`, `RewardFactionValueId4`, `RewardFactionValueId5`, `RewardFactionValueIdOverride1`, `RewardFactionValueIdOverride2`, `RewardFactionValueIdOverride3`, `RewardFactionValueIdOverride4`, `RewardFactionValueIdOverride5`, `PointMapId`, `PointX`, `PointY`, `PointOption`, `Title`, `Objectives`, `Details`, `EndText`, `OfferRewardText`, `RequestItemsText`, `CompletedText`, `RequiredNpcOrGo1`, `RequiredNpcOrGo2`, `RequiredNpcOrGo3`, `RequiredNpcOrGo4`, `RequiredNpcOrGoCount1`, `RequiredNpcOrGoCount2`, `RequiredNpcOrGoCount3`, `RequiredNpcOrGoCount4`, `RequiredSourceItemId1`, `RequiredSourceItemId2`, `RequiredSourceItemId3`, `RequiredSourceItemId4`, `RequiredSourceItemCount1`, `RequiredSourceItemCount2`, `RequiredSourceItemCount3`, `RequiredSourceItemCount4`, `RequiredItemId1`, `RequiredItemId2`, `RequiredItemId3`, `RequiredItemId4`, `RequiredItemId5`, `RequiredItemId6`, `RequiredItemCount1`, `RequiredItemCount2`, `RequiredItemCount3`, `RequiredItemCount4`, `RequiredItemCount5`, `RequiredItemCount6`, `RequiredSpellCast1`, `RequiredSpellCast2`, `RequiredSpellCast3`, `RequiredSpellCast4`, `ObjectiveText1`, `ObjectiveText2`, `ObjectiveText3`, `ObjectiveText4`, `DetailsEmote1`, `DetailsEmote2`, `DetailsEmote3`, `DetailsEmote4`, `DetailsEmoteDelay1`, `DetailsEmoteDelay2`, `DetailsEmoteDelay3`, `DetailsEmoteDelay4`, `EmoteOnIncomplete`, `EmoteOnComplete`, `OfferRewardEmote1`, `OfferRewardEmote2`, `OfferRewardEmote3`, `OfferRewardEmote4`, `OfferRewardEmoteDelay1`, `OfferRewardEmoteDelay2`, `OfferRewardEmoteDelay3`, `OfferRewardEmoteDelay4`, `WDBVerified`) VALUES (14125, 2, 5, 1, 0, 4737, 0, 0, 0, 0, 0, 0, 0, 0, 0, 0, 0, 0, 0, 0, 0, 14122, 0, 0, 14126, 5, 100, 270, 0, 0, 0, 0, 0, 0, 0, 0, 0, 524288, 4, 0, 0, 0, 0, 0, 0, 0, 0, 0, 0, 0, 0, 54307, 54308, 54309, 0, 0, 0, 1, 1, 1, 0, 0, 0, 1133, 0, 0, 0, 1168, 5, 0, 0, 0, 9, 0, 0, 0, 0, 0, 0, 0, 0, 0, 447, 'Overload the Defective Generator, Activate the Leaky Stove, Drop a Cigar on the Flammable Bed, and use the Gasbot to set KTC Headquarters ablaze!', 'We\'re close, but we still don\'t have enough macaroons. But, I\'ve got a plan: we\'re going to collect on the headquarters insurance policy!$B$BHope you don\'t mind, but I filled the place with the leftover fireworks from your party. All you have to do is go in there and sabotage things.$B$BMight I suggest the faulty generator, the leaky stove, and the flammable bed? Then, come back outside and use the control panel to send in the gasbot.$B$BIt\'s a foolproof plan!', 'Speak with the Claims Adjuster at KTC Headquarters on Kezan.', 'This is nothing. You should see Bilgewater Port... the whole thing is going up in flames!$B$BFine, fine, I don\'t have time to inspect this place. Here\'s the moolah from the Bilgewater Cartel\'s insurance policy.$B$BI\'ve got to find a way off the island! Good luck, $N!', '', '', -201735, -201733, -201734, 37598, 1, 1, 1, 1, 0, 0, 0, 0, 0, 0, 0, 0, 0, 0, 0, 0, 0, 0, 0, 0, 0, 0, 0, 0, 0, 0, 0, 0, 'Overload the Defective Generator', 'Activate the Leaky Stove', 'Drop a Cigar on the Flammable Bed', 'KTC Headquarters Set Ablaze with Gasbot!', 0, 0, 0, 0, 0, 0, 0, 0, 0, 0, 0, 0, 0, 0, 0, 0, 0, 0, 1);

-- 14126
DELETE FROM `creature_questrelation` WHERE `quest` = 14126;
DELETE FROM `gameobject_questrelation` WHERE `quest` = 14126;
UPDATE `item_template` SET `StartQuest`=0 WHERE `StartQuest` = 14126;
INSERT INTO `creature_questrelation` (`id`, `quest`) VALUES (34668, 14126);
UPDATE `creature_template` SET `npcflag`=`npcflag`|2 WHERE `entry` = 34668;
DELETE FROM `creature_involvedrelation` WHERE `quest` = 14126;
DELETE FROM `gameobject_involvedrelation` WHERE `quest` = 14126;
INSERT INTO `creature_involvedrelation` (`id`, `quest`) VALUES (39615, 14126);
UPDATE `creature_template` SET `npcflag`=`npcflag`|2 WHERE `entry`=39615;
REPLACE INTO `quest_template` (`Id`, `Method`, `Level`, `MinLevel`, `MaxLevel`, `ZoneOrSort`, `Type`, `SuggestedPlayers`, `LimitTime`, `RequiredClasses`, `RequiredRaces`, `RequiredSkillId`, `RequiredSkillPoints`, `RequiredFactionId1`, `RequiredFactionId2`, `RequiredFactionValue1`, `RequiredFactionValue2`, `RequiredMinRepFaction`, `RequiredMaxRepFaction`, `RequiredMinRepValue`, `RequiredMaxRepValue`, `PrevQuestId`, `NextQuestId`, `ExclusiveGroup`, `NextQuestIdChain`, `RewardXPId`, `RewardOrRequiredMoney`, `RewardMoneyMaxLevel`, `RewardSpell`, `RewardSpellCast`, `RewardHonor`, `RewardHonorMultiplier`, `RewardMailTemplateId`, `RewardMailDelay`, `SourceItemId`, `SourceItemCount`, `SourceSpellId`, `Flags`, `SpecialFlags`, `RewardTitleId`, `RequiredPlayerKills`, `RewardTalents`, `RewardArenaPoints`, `RewardItemId1`, `RewardItemId2`, `RewardItemId3`, `RewardItemId4`, `RewardItemCount1`, `RewardItemCount2`, `RewardItemCount3`, `RewardItemCount4`, `RewardChoiceItemId1`, `RewardChoiceItemId2`, `RewardChoiceItemId3`, `RewardChoiceItemId4`, `RewardChoiceItemId5`, `RewardChoiceItemId6`, `RewardChoiceItemCount1`, `RewardChoiceItemCount2`, `RewardChoiceItemCount3`, `RewardChoiceItemCount4`, `RewardChoiceItemCount5`, `RewardChoiceItemCount6`, `RewardFactionId1`, `RewardFactionId2`, `RewardFactionId3`, `RewardFactionId4`, `RewardFactionId5`, `RewardFactionValueId1`, `RewardFactionValueId2`, `RewardFactionValueId3`, `RewardFactionValueId4`, `RewardFactionValueId5`, `RewardFactionValueIdOverride1`, `RewardFactionValueIdOverride2`, `RewardFactionValueIdOverride3`, `RewardFactionValueIdOverride4`, `RewardFactionValueIdOverride5`, `PointMapId`, `PointX`, `PointY`, `PointOption`, `Title`, `Objectives`, `Details`, `EndText`, `OfferRewardText`, `RequestItemsText`, `CompletedText`, `RequiredNpcOrGo1`, `RequiredNpcOrGo2`, `RequiredNpcOrGo3`, `RequiredNpcOrGo4`, `RequiredNpcOrGoCount1`, `RequiredNpcOrGoCount2`, `RequiredNpcOrGoCount3`, `RequiredNpcOrGoCount4`, `RequiredSourceItemId1`, `RequiredSourceItemId2`, `RequiredSourceItemId3`, `RequiredSourceItemId4`, `RequiredSourceItemCount1`, `RequiredSourceItemCount2`, `RequiredSourceItemCount3`, `RequiredSourceItemCount4`, `RequiredItemId1`, `RequiredItemId2`, `RequiredItemId3`, `RequiredItemId4`, `RequiredItemId5`, `RequiredItemId6`, `RequiredItemCount1`, `RequiredItemCount2`, `RequiredItemCount3`, `RequiredItemCount4`, `RequiredItemCount5`, `RequiredItemCount6`, `RequiredSpellCast1`, `RequiredSpellCast2`, `RequiredSpellCast3`, `RequiredSpellCast4`, `ObjectiveText1`, `ObjectiveText2`, `ObjectiveText3`, `ObjectiveText4`, `DetailsEmote1`, `DetailsEmote2`, `DetailsEmote3`, `DetailsEmote4`, `DetailsEmoteDelay1`, `DetailsEmoteDelay2`, `DetailsEmoteDelay3`, `DetailsEmoteDelay4`, `EmoteOnIncomplete`, `EmoteOnComplete`, `OfferRewardEmote1`, `OfferRewardEmote2`, `OfferRewardEmote3`, `OfferRewardEmote4`, `OfferRewardEmoteDelay1`, `OfferRewardEmoteDelay2`, `OfferRewardEmoteDelay3`, `OfferRewardEmoteDelay4`, `WDBVerified`) VALUES (14126, 2, 5, 1, 0, 4737, 0, 0, 0, 0, 0, 0, 0, 0, 0, 0, 0, 0, 0, 0, 0, 14125, 0, 0, 0, 6, 0, 330, 0, 91847, 0, 0, 0, 0, 49866, 1, 0, 786432, 0, 0, 0, 0, 0, 0, 0, 0, 0, 0, 0, 0, 0, 0, 0, 0, 0, 0, 0, 0, 0, 0, 0, 0, 0, 1133, 0, 0, 0, 1168, 6, 0, 0, 0, 9, 0, 0, 0, 0, 0, 0, 0, 0, 0, 'Life Savings', 'Hand over your Life Savings to Trade Prince Gallywix aboard the Trade Prince\'s Yacht on Kezan.', 'We\'ve got all of the moolah that we need. There\'s only one thing left to do now, boss: get you to the Trade Prince\'s yacht. It\'s about to leave port!$B$BWe\'re gonna have to hurry. Hop in, \'cause I\'m driving!', '', 'Congratulations, you just made it. I see that you\'ve brought me all that I asked for, including your hot rod.$B$B$B$BA bazillion macaroons couldn\'t have been easy to come by. I\'m now the wealthiest, most powerful,  on all of Azeroth!$B$BTOO BAD FOR YOU THAT I\'M CHANGING THE TERMS OF OUR DEAL!$B$BYou\'re now my slave. Get below deck and take a turn shoveling coal. Next stop, Azshara!$B$BMuahahahahahahahaha!', '', '', 0, 0, 0, 0, 0, 0, 0, 0, 0, 0, 0, 0, 0, 0, 0, 0, 49866, 0, 0, 0, 0, 0, 1, 0, 0, 0, 0, 0, 0, 0, 0, 0, '', '', '', '', 0, 0, 0, 0, 0, 0, 0, 0, 0, 0, 0, 0, 0, 0, 0, 0, 0, 0, 1);
UPDATE `quest_template` SET `CompleteScript` = 14126 WHERE `id` = 14126;
DELETE FROM `quest_end_scripts` WHERE `id`=14126;
INSERT INTO `quest_end_scripts` (`id`, `delay`, `command`, `datalong`, `datalong2`, `dataint`, `x`, `y`, `z`, `o`) VALUES 
(14126, 30, 14, 69010, 0, '0', 0, 0, 0, 0),
(14126, 3, 34, 22, 0, '0', 0, 0, 0, 0),
(14126, 2, 6, 648, 0, '0', 533.77, 3274.62, 0.198194, 4.90527);

--
-- Quete de classe
--

-- 14007
DELETE FROM `creature_questrelation` WHERE `quest` = 14007;
DELETE FROM `gameobject_questrelation` WHERE `quest` = 14007;
UPDATE `item_template` SET `StartQuest`=0 WHERE `StartQuest` = 14007;
INSERT INTO `creature_questrelation` (`id`, `quest`) VALUES (34673, 14007);
UPDATE `creature_template` SET `npcflag`=`npcflag`|2 WHERE `entry` = 34673;
DELETE FROM `creature_involvedrelation` WHERE `quest` = 14007;
DELETE FROM `gameobject_involvedrelation` WHERE `quest` = 14007;
INSERT INTO `creature_involvedrelation` (`id`, `quest`) VALUES (34673, 14007);
UPDATE `creature_template` SET `npcflag`=`npcflag`|2 WHERE `entry`=34673;
REPLACE INTO `quest_template` (`Id`, `Method`, `Level`, `MinLevel`, `MaxLevel`, `ZoneOrSort`, `Type`, `SuggestedPlayers`, `LimitTime`, `RequiredClasses`, `RequiredRaces`, `RequiredSkillId`, `RequiredSkillPoints`, `RequiredFactionId1`, `RequiredFactionId2`, `RequiredFactionValue1`, `RequiredFactionValue2`, `RequiredMinRepFaction`, `RequiredMaxRepFaction`, `RequiredMinRepValue`, `RequiredMaxRepValue`, `PrevQuestId`, `NextQuestId`, `ExclusiveGroup`, `NextQuestIdChain`, `RewardXPId`, `RewardOrRequiredMoney`, `RewardMoneyMaxLevel`, `RewardSpell`, `RewardSpellCast`, `RewardHonor`, `RewardHonorMultiplier`, `RewardMailTemplateId`, `RewardMailDelay`, `SourceItemId`, `SourceItemCount`, `SourceSpellId`, `Flags`, `SpecialFlags`, `RewardTitleId`, `RequiredPlayerKills`, `RewardTalents`, `RewardArenaPoints`, `RewardItemId1`, `RewardItemId2`, `RewardItemId3`, `RewardItemId4`, `RewardItemCount1`, `RewardItemCount2`, `RewardItemCount3`, `RewardItemCount4`, `RewardChoiceItemId1`, `RewardChoiceItemId2`, `RewardChoiceItemId3`, `RewardChoiceItemId4`, `RewardChoiceItemId5`, `RewardChoiceItemId6`, `RewardChoiceItemCount1`, `RewardChoiceItemCount2`, `RewardChoiceItemCount3`, `RewardChoiceItemCount4`, `RewardChoiceItemCount5`, `RewardChoiceItemCount6`, `RewardFactionId1`, `RewardFactionId2`, `RewardFactionId3`, `RewardFactionId4`, `RewardFactionId5`, `RewardFactionValueId1`, `RewardFactionValueId2`, `RewardFactionValueId3`, `RewardFactionValueId4`, `RewardFactionValueId5`, `RewardFactionValueIdOverride1`, `RewardFactionValueIdOverride2`, `RewardFactionValueIdOverride3`, `RewardFactionValueIdOverride4`, `RewardFactionValueIdOverride5`, `PointMapId`, `PointX`, `PointY`, `PointOption`, `Title`, `Objectives`, `Details`, `EndText`, `OfferRewardText`, `RequestItemsText`, `CompletedText`, `RequiredNpcOrGo1`, `RequiredNpcOrGo2`, `RequiredNpcOrGo3`, `RequiredNpcOrGo4`, `RequiredNpcOrGoCount1`, `RequiredNpcOrGoCount2`, `RequiredNpcOrGoCount3`, `RequiredNpcOrGoCount4`, `RequiredSourceItemId1`, `RequiredSourceItemId2`, `RequiredSourceItemId3`, `RequiredSourceItemId4`, `RequiredSourceItemCount1`, `RequiredSourceItemCount2`, `RequiredSourceItemCount3`, `RequiredSourceItemCount4`, `RequiredItemId1`, `RequiredItemId2`, `RequiredItemId3`, `RequiredItemId4`, `RequiredItemId5`, `RequiredItemId6`, `RequiredItemCount1`, `RequiredItemCount2`, `RequiredItemCount3`, `RequiredItemCount4`, `RequiredItemCount5`, `RequiredItemCount6`, `RequiredSpellCast1`, `RequiredSpellCast2`, `RequiredSpellCast3`, `RequiredSpellCast4`, `ObjectiveText1`, `ObjectiveText2`, `ObjectiveText3`, `ObjectiveText4`, `DetailsEmote1`, `DetailsEmote2`, `DetailsEmote3`, `DetailsEmote4`, `DetailsEmoteDelay1`, `DetailsEmoteDelay2`, `DetailsEmoteDelay3`, `DetailsEmoteDelay4`, `EmoteOnIncomplete`, `EmoteOnComplete`, `OfferRewardEmote1`, `OfferRewardEmote2`, `OfferRewardEmote3`, `OfferRewardEmote4`, `OfferRewardEmoteDelay1`, `OfferRewardEmoteDelay2`, `OfferRewardEmoteDelay3`, `OfferRewardEmoteDelay4`, `WDBVerified`) VALUES (14007, 2, 2, 2, 0, -261, 0, 0, 0, 4, 256, 0, 0, 0, 0, 0, 0, 0, 0, 0, 0, 0, 0, 0, 0, 3, 0, 60, 0, 0, 0, 0, 0, 0, 0, 0, 0, 524288, 0, 0, 0, 0, 0, 0, 0, 0, 0, 0, 0, 0, 0, 0, 0, 0, 0, 0, 0, 0, 0, 0, 0, 0, 0, 1133, 0, 0, 0, 1168, 3, 0, 0, 0, 9, 0, 0, 0, 0, 0, 0, 0, 0, 0, 'Steady Shot', 'Speak with Bamm Megabomb and train Steady Shot, then shoot a Training Dummy with it 3 times.', 'I\'m Bamm Megabomb, your personal trainer, $g sir : ma\'am;.$B$BI understand that you\'re interested in some new insight about being a $c? Look no further.$B$BI think you\'ll gain a great deal by me teaching you how to perform a Steady Shot. It just might help you climb the corporate ladder if you know what I mean.$B$BLearn the ability from me and then practice it on a training dummy here.', 'Speak with Bamm Megabomb at KTC Headquarters on Kezan.', 'There you go, boss!$B$BCome back anytime you want more training. I\'ll teach you what I know.', '', '', 48304, 0, 0, 0, 3, 0, 0, 0, 0, 0, 0, 0, 0, 0, 0, 0, 0, 0, 0, 0, 0, 0, 0, 0, 0, 0, 0, 0, 56641, 0, 0, 0, '', 'Practiced Steady Shot', '', '', 0, 0, 0, 0, 0, 0, 0, 0, 0, 0, 0, 0, 0, 0, 0, 0, 0, 0, 13623);

UPDATE `quest_template` SET `RequiredClasses` = 128, `MinLevel` = 2, `Level` = 2, `RequiredRaces` = 256, `Flags` = 524288, `RequiredNpcOrGo1` = 48304, `RequiredNpcOrGo2` = 0, `RequiredNpcOrGoCount1` = 2, `RequiredNpcOrGoCount2` = 0, `RequiredSpellCast1` = 5143 WHERE `id` = 14008;
UPDATE `quest_template` SET `RequiredClasses` = 16, `MinLevel` = 2, `Level` = 2, `RequiredRaces` = 256, `Flags` = 524288, `RequiredNpcOrGo1` = 48305, `RequiredNpcOrGo2` = 0, `RequiredNpcOrGoCount1` = 3, `RequiredNpcOrGoCount2` = 0, `RequiredSpellCast1` = 2061 WHERE `id` = 14009;
UPDATE `quest_template` SET `RequiredClasses` = 8, `MinLevel` = 2, `Level` = 2, `RequiredRaces` = 256, `Flags` = 524288, `RequiredNpcOrGo1` = 48304, `RequiredNpcOrGo2` = 0, `RequiredNpcOrGoCount1` = 3, `RequiredNpcOrGoCount2` = 0, `RequiredSpellCast1` = 2098 WHERE `id` = 14010;
UPDATE `quest_template` SET `RequiredClasses` = 64, `MinLevel` = 2, `Level` = 2, `RequiredRaces` = 256, `Flags` = 524288, `RequiredNpcOrGo1` = 48304, `RequiredSpellCast1` = 73899 WHERE `id` = 14011;
UPDATE `quest_template` SET `RequiredClasses` = 246, `MinLevel` = 2, `Level` = 2, `RequiredRaces` = 256, `Flags` = 524288, `RequiredNpcOrGo1` = 48304, `RequiredNpcOrGo2` = 0, `RequiredNpcOrGoCount1` = 3, `RequiredNpcOrGoCount2` = 0, `RequiredSpellCast1` = 348 WHERE `id` = 14012;
UPDATE `quest_template` SET `RequiredClasses` = 1, `MinLevel` = 2, `Level` = 2, `RequiredRaces` = 256, `Flags` = 524288, `RequiredNpcOrGo1` = 48304, `RequiredNpcOrGo2` = 0, `RequiredNpcOrGoCount1` = 1, `RequiredNpcOrGoCount2` = 0, `RequiredSpellCast1` = 100 WHERE `id` = 14013;

UPDATE `quest_template` SET `SourceSpellId` = 59073, `Flags` = 0 WHERE `Id` = 14115;

--
-- Spell
--

-- Add spell
SET @race := 9;
SET @Spell := 66306;
SET @Note := "Goblin All-In-1-Der Belt Shocker";

REPLACE INTO `playercreateinfo_spell` VALUES (@race, '7', @Spell, @Note);
REPLACE INTO `playercreateinfo_spell` VALUES (@race, '3', @Spell, @Note);
REPLACE INTO `playercreateinfo_spell` VALUES (@race, '9', @Spell, @Note);
REPLACE INTO `playercreateinfo_spell` VALUES (@race, '1', @Spell, @Note);
REPLACE INTO `playercreateinfo_spell` VALUES (@race, '8', @Spell, @Note);
REPLACE INTO `playercreateinfo_spell` VALUES (@race, '5', @Spell, @Note);
REPLACE INTO `playercreateinfo_spell` VALUES (@race, '4', @Spell, @Note);

-- Spell Condition
REPLACE INTO `conditions` VALUES ('17', '0', '66306', '0', '0', '29', '34830', '10', '0', '0', '0', '0', '0', '', 'Goblin All-In-1-Der Belt Shocker');

--
-- Creature
--

-- Creature_template
UPDATE `creature_template` SET `IconName` = 'vehichleCursor', `minlevel` = 5, `faction_A` = 35, `faction_H` = 35, `spell1` = 69992, `spell2` = 70051, `VehicleId` = 349 WHERE `entry` = 37213;

REPLACE INTO `creature_template` (`entry`, `difficulty_entry_1`, `difficulty_entry_2`, `difficulty_entry_3`, `KillCredit1`, `KillCredit2`, `modelid1`, `modelid2`, `modelid3`, `modelid4`, `name`, `subname`, `IconName`, `gossip_menu_id`, `minlevel`, `maxlevel`, `exp`, `faction_A`, `faction_H`, `npcflag`, `speed_walk`, `speed_run`, `scale`, `rank`, `mindmg`, `maxdmg`, `dmgschool`, `attackpower`, `dmg_multiplier`, `baseattacktime`, `rangeattacktime`, `unit_class`, `unit_flags`, `dynamicflags`, `family`, `trainer_type`, `trainer_spell`, `trainer_class`, `trainer_race`, `minrangedmg`, `maxrangedmg`, `rangedattackpower`, `type`, `type_flags`, `lootid`, `pickpocketloot`, `skinloot`, `resistance1`, `resistance2`, `resistance3`, `resistance4`, `resistance5`, `resistance6`, `spell1`, `spell2`, `spell3`, `spell4`, `spell5`, `spell6`, `spell7`, `spell8`, `PetSpellDataId`, `VehicleId`, `mingold`, `maxgold`, `AIName`, `MovementType`, `InhabitType`, `Health_mod`, `Mana_mod`, `Armor_mod`, `RacialLeader`, `questItem1`, `questItem2`, `questItem3`, `questItem4`, `questItem5`, `questItem6`, `movementId`, `RegenHealth`, `equipment_id`, `mechanic_immune_mask`, `flags_extra`, `ScriptName`, `WDBVerified`) VALUES 
(35222, 0, 0, 0, 0, 0, 29680, 0, 0, 0, 'Trade Prince Gallywix', 'Leader of the Bilgewater Cartel', '', 0, 85, 85, 3, 2159, 2159, 3, 1, 1, 1, 1, 619.2, 835.2, 0, 976, 7.5, 2000, 0, 2, 32768, 2048, 0, 0, 0, 0, 0, 466.8, 654, 156, 7, 4, 0, 0, 0, 0, 0, 0, 0, 0, 0, 0, 0, 0, 0, 0, 0, 0, 0, 0, 0, 3220, 6046, '', 0, 3, 10, 10, 1, 0, 0, 0, 0, 0, 0, 0, 0, 1, 35222, 613097436, 0, '', 14480);

REPLACE INTO `creature_template` (`entry`, `difficulty_entry_1`, `difficulty_entry_2`, `difficulty_entry_3`, `KillCredit1`, `KillCredit2`, `modelid1`, `modelid2`, `modelid3`, `modelid4`, `name`, `subname`, `IconName`, `gossip_menu_id`, `minlevel`, `maxlevel`, `exp`, `faction_A`, `faction_H`, `npcflag`, `speed_walk`, `speed_run`, `scale`, `rank`, `mindmg`, `maxdmg`, `dmgschool`, `attackpower`, `dmg_multiplier`, `baseattacktime`, `rangeattacktime`, `unit_class`, `unit_flags`, `dynamicflags`, `family`, `trainer_type`, `trainer_spell`, `trainer_class`, `trainer_race`, `minrangedmg`, `maxrangedmg`, `rangedattackpower`, `type`, `type_flags`, `lootid`, `pickpocketloot`, `skinloot`, `resistance1`, `resistance2`, `resistance3`, `resistance4`, `resistance5`, `resistance6`, `spell1`, `spell2`, `spell3`, `spell4`, `spell5`, `spell6`, `spell7`, `spell8`, `PetSpellDataId`, `VehicleId`, `mingold`, `maxgold`, `AIName`, `MovementType`, `InhabitType`, `Health_mod`, `Mana_mod`, `Armor_mod`, `RacialLeader`, `questItem1`, `questItem2`, `questItem3`, `questItem4`, `questItem5`, `questItem6`, `movementId`, `RegenHealth`, `equipment_id`, `mechanic_immune_mask`, `flags_extra`, `ScriptName`, `WDBVerified`) VALUES 
(39615, 0, 0, 0, 0, 0, 29680, 0, 0, 0, 'Trade Prince Gallywix', 'Leader of the Bilgewater Cartel', '', 0, 85, 85, 3, 2159, 2159, 3, 1, 1, 1, 1, 619.2, 835.2, 0, 976, 7.5, 2000, 0, 2, 32768, 2048, 0, 0, 0, 0, 0, 466.8, 654, 156, 7, 4, 0, 0, 0, 0, 0, 0, 0, 0, 0, 0, 0, 0, 0, 0, 0, 0, 0, 0, 0, 3220, 6046, '', 0, 3, 10, 10, 1, 0, 0, 0, 0, 0, 0, 0, 0, 1, 39615, 613097436, 0, '', 14480);

UPDATE `creature_template` SET `npcflag` = 0 WHERE `entry` = 34830;
UPDATE `creature_template` SET `dynamicflags` = 0, `unit_flags2` = 0 WHERE `entry` = 34865;
UPDATE `creature_template` SET `faction_A` = 7, `faction_H` = 7 WHERE `entry` = 35175;
-- creature
DELETE FROM `creature` WHERE `id`=35222;
INSERT INTO `creature` (`guid`,`id`,`map`,`spawnMask`,`phaseMask`,`modelid`,`equipment_id`,`position_x`,`position_y`,`position_z`,`orientation`,`spawntimesecs`,`spawndist`,`currentwaypoint`,`curhealth`,`curmana`,`MovementType`,`npcflag`,`unit_flags`,`dynamicflags`) VALUES
(6655863, 35222, 648, 1, 2, 0, 35222, -8423.55, 1362.37, 116.863, 1.53545, 7200, 0, 0, 774900, 45580, 0, 0, 134250496, 0);

DELETE FROM `creature` WHERE `id`=39615;
INSERT INTO `creature` (`guid`,`id`,`map`,`spawnMask`,`phaseMask`,`modelid`,`equipment_id`,`position_x`,`position_y`,`position_z`,`orientation`,`spawntimesecs`,`spawndist`,`currentwaypoint`,`curhealth`,`curmana`,`MovementType`,`npcflag`,`unit_flags`,`dynamicflags`) VALUES
(15845266, 39615, 648, 1, 2, 0, 39615, -7881.41, 1833.89, 4.17147, 3.02269, 300, 0, 0, 774900, 44120, 0, 0, 134250496, 0);

UPDATE `creature` SET `phaseMask` = 15 WHERE `id` IN (34835,34876,34877,34878);
UPDATE `creature` SET `phaseMask` = 1 WHERE `id` IN (35186,35175,35304);
UPDATE `creature` SET `phaseMask` = 2 WHERE `id` = 35200;
UPDATE `gameobject` SET `phaseMask` = 8 WHERE `id` = 201733;

-- creature_template_addon
DELETE FROM `creature_template_addon` WHERE (`entry`=37602);
INSERT INTO `creature_template_addon` (`entry`, `path_id`, `mount`, `bytes1`, `bytes2`, `emote`, `auras`) VALUES (37602, 0, 0, 65536, 1, 0, '');

--
-- ScriptAI
--
REPLACE INTO `smart_scripts` (`entryorguid`, `source_type`, `id`, `link`, `event_type`, `event_phase_mask`, `event_chance`, `event_flags`, `event_param1`, `event_param2`, `event_param3`, `event_param4`, `action_type`, `action_param1`, `action_param2`, `action_param3`, `action_param4`, `action_param5`, `action_param6`, `target_type`, `target_param1`, `target_param2`, `target_param3`, `target_x`, `target_y`, `target_z`, `target_o`, `comment`) VALUES
(34668, 0, 0, 0, 19, 0, 100, 0, 14138, 0, 0, 0, 1, 0, 0, 0, 0, 0, 0, 1, 0, 0, 0, 0, 0, 0, 0, 'Sassy Hardwrench - Quest Accept - Say Text 0'),
(34668, 0, 1, 0, 19, 0, 100, 0, 14071, 0, 0, 0, 1, 1, 0, 0, 0, 0, 0, 1, 0, 0, 0, 0, 0, 0, 0, 'Sassy Hardwrench - Quest Accept - Say Text 1'),
(34668, 0, 2, 0, 19, 0, 100, 0, 14126, 0, 0, 0, 1, 2, 0, 0, 0, 0, 0, 1, 0, 0, 0, 0, 0, 0, 0, 'Sassy Hardwrench - Quest Accept - Say Text 2'),
(34673, 0, 0, 0, 1, 0, 100, 0, 5000, 5000, 15000, 15000, 11, 3044, 0, 0, 0, 0, 0, 10, 6618922, 48304, 0, 0, 0, 0, 0, 'Cast Fireball OOC'),
(34689, 0, 0, 0, 1, 0, 100, 0, 5000, 5000, 15000, 15000, 11, 69608, 0, 0, 0, 0, 0, 10, 6618912, 34696, 0, 0, 0, 0, 0, 'Cast Fireball OOC'),
(34692, 0, 0, 0, 10, 0, 100, 0, 1, 8, 5000, 6000, 11, 74973, 2, 0, 0, 0, 0, 17, 0, 8, 0, 0, 0, 0, 0, 'Cast Power Word: Fortitude on Player Missing Buff'),
(34693, 0, 0, 0, 1, 0, 100, 1, 500, 1000, 0, 0, 11, 80264, 0, 0, 0, 0, 0, 1, 0, 0, 0, 0, 0, 0, 0, 'Cast Stealth on Spawn'),
(34695, 0, 0, 0, 1, 0, 100, 0, 500, 1000, 600000, 600000, 11, 78273, 0, 0, 0, 0, 0, 1, 0, 0, 0, 0, 0, 0, 0, 'Cast Flametongue Weapon on Spawn'),
(34695, 0, 1, 0, 1, 0, 100, 0, 5000, 5000, 10000, 10000, 11, 403, 0, 0, 0, 0, 0, 10, 150622, 34689, 0, 0, 0, 0, 0, ''),
(34696, 0, 0, 0, 1, 0, 100, 0, 10000, 10000, 20000, 20000, 11, 69607, 0, 0, 0, 0, 0, 10, 6618911, 34689, 0, 0, 0, 0, 0, 'Cast Shadow bolt OOC'),
(34696, 0, 16, 0, 11, 0, 100, 1, 3000, 5000, 0, 0, 11, 44163, 0, 0, 0, 0, 0, 1, 0, 0, 0, 0, 0, 0, 0, 'Summon Imp Company'),
(34699, 0, 0, 0, 8, 0, 100, 0, 67917, 0, 0, 0, 11, 91738, 0, 0, 0, 0, 0, 1, 0, 0, 0, 0, 0, 0, 0, ''),
(34835, 0, 0, 0, 4, 0, 100, 1, 0, 0, 0, 0, 7, 14070, 0, 0, 0, 0, 0, 0, 0, 0, 0, 0, 0, 0, 0, ''),
(34865, 0, 0, 0, 0, 0, 100, 0, 3500, 7700, 13200, 16700, 11, 32738, 0, 0, 0, 0, 0, 2, 0, 0, 0, 0, 0, 0, 0, 'Cast Bore'),
(34872, 0, 0, 0, 20, 0, 100, 0, 14138, 0, 0, 0, 80, 3487200, 2, 0, 0, 0, 0, 1, 0, 0, 0, 0, 0, 0, 0, ''),
(34874, 0, 0, 0, 19, 0, 100, 0, 14071, 0, 0, 0, 1, 0, 0, 0, 0, 0, 0, 1, 0, 0, 0, 0, 0, 0, 0, ''),
(34874, 0, 1, 0, 20, 0, 100, 0, 14071, 0, 0, 0, 1, 1, 0, 0, 0, 0, 0, 1, 0, 0, 0, 0, 0, 0, 0, ''),
(34876, 0, 0, 0, 4, 0, 100, 1, 0, 0, 0, 0, 11, 75775, 0, 0, 0, 0, 0, 2, 0, 0, 0, 0, 0, 0, 0, 'Cast Throw Gears on Aggro'),
(34876, 0, 1, 0, 4, 0, 100, 1, 0, 0, 0, 0, 7, 14070, 0, 0, 0, 0, 0, 0, 0, 0, 0, 0, 0, 0, 0, ''),
(34877, 0, 0, 0, 0, 0, 100, 0, 5000, 7700, 12300, 16700, 11, 75986, 0, 0, 0, 0, 0, 2, 0, 0, 0, 0, 0, 0, 0, 'Cast Knockback'),
(34877, 0, 1, 0, 1, 0, 100, 1, 500, 1000, 0, 0, 11, 76136, 0, 0, 0, 0, 0, 1, 0, 0, 0, 0, 0, 0, 0, 'Cast Acidic Sweat on Spawn'),
(34877, 0, 2, 0, 4, 0, 100, 1, 0, 0, 0, 0, 7, 14070, 0, 0, 0, 0, 0, 0, 0, 0, 0, 0, 0, 0, 0, ''),
(34878, 0, 0, 0, 4, 0, 100, 1, 0, 0, 0, 0, 22, 1, 0, 0, 0, 0, 0, 1, 0, 0, 0, 0, 0, 0, 0, 'Set Phase 1 on Aggro'),
(34878, 0, 1, 0, 4, 1, 100, 1, 0, 0, 0, 0, 21, 0, 0, 0, 0, 0, 0, 1, 0, 0, 0, 0, 0, 0, 0, 'Stop Moving on Aggro'),
(34878, 0, 2, 0, 4, 1, 100, 1, 0, 0, 0, 0, 11, 9672, 0, 0, 0, 0, 0, 2, 0, 0, 0, 0, 0, 0, 0, 'Cast bolt on Aggro'),
(34878, 0, 3, 0, 9, 1, 100, 0, 5, 40, 3400, 4700, 11, 9672, 0, 0, 0, 0, 0, 2, 0, 0, 0, 0, 0, 0, 0, 'Cast bolt on Range'),
(34878, 0, 4, 0, 0, 1, 100, 0, 3400, 4700, 3400, 4700, 11, 9672, 0, 0, 0, 0, 0, 2, 0, 0, 0, 0, 0, 0, 0, 'Cast bolt'),
(34878, 0, 5, 0, 9, 1, 100, 1, 40, 100, 0, 0, 21, 1, 0, 0, 0, 0, 0, 1, 0, 0, 0, 0, 0, 0, 0, 'Start Moving when not in bolt Range'),
(34878, 0, 6, 0, 9, 1, 100, 1, 10, 15, 0, 0, 21, 0, 0, 0, 0, 0, 0, 1, 0, 0, 0, 0, 0, 0, 0, 'Stop Moving at 15 Yards'),
(34878, 0, 7, 0, 9, 1, 100, 1, 0, 5, 0, 0, 21, 1, 0, 0, 0, 0, 0, 1, 0, 0, 0, 0, 0, 0, 0, 'Start Moving when not in bolt Range'),
(34878, 0, 8, 0, 9, 1, 100, 1, 5, 40, 0, 0, 21, 0, 0, 0, 0, 0, 0, 1, 0, 0, 0, 0, 0, 0, 0, 'Stop Moving when in bolt Range'),
(34878, 0, 9, 0, 3, 1, 100, 1, 0, 15, 0, 0, 22, 2, 0, 0, 0, 0, 0, 1, 0, 0, 0, 0, 0, 0, 0, 'Set Phase 2 at 15% Mana'),
(34878, 0, 10, 0, 3, 2, 100, 1, 0, 15, 0, 0, 21, 1, 0, 0, 0, 0, 0, 1, 0, 0, 0, 0, 0, 0, 0, 'Start Moving at 15% Mana'),
(34878, 0, 11, 0, 3, 2, 100, 1, 30, 100, 100, 100, 22, 1, 0, 0, 0, 0, 0, 1, 0, 0, 0, 0, 0, 0, 0, 'Set Phase 1 When Mana is above 30%'),
(34878, 0, 12, 0, 0, 0, 100, 0, 9800, 11000, 17600, 25400, 11, 75761, 0, 0, 0, 0, 0, 2, 0, 0, 0, 0, 0, 0, 0, 'Cast Bubble Blast'),
(34878, 0, 13, 0, 4, 0, 100, 1, 0, 0, 0, 0, 7, 14070, 0, 0, 0, 0, 0, 0, 0, 0, 0, 0, 0, 0, 0, ''),
(34957, 0, 0, 0, 64, 0, 100, 0, 0, 0, 0, 0, 33, 34957, 0, 0, 0, 0, 0, 0, 0, 0, 0, 0, 0, 0, 0, ''),
(34957, 0, 1, 0, 64, 0, 100, 0, 0, 0, 0, 0, 72, 0, 0, 0, 0, 0, 0, 0, 0, 0, 0, 0, 0, 0, 0, ''),
(34958, 0, 0, 0, 64, 0, 100, 0, 0, 0, 0, 0, 33, 34958, 0, 0, 0, 0, 0, 0, 0, 0, 0, 0, 0, 0, 0, ''),
(34958, 0, 1, 0, 64, 0, 100, 0, 0, 0, 0, 0, 72, 0, 0, 0, 0, 0, 0, 0, 0, 0, 0, 0, 0, 0, 0, ''),
(34959, 0, 0, 0, 64, 0, 100, 0, 0, 0, 0, 0, 33, 34959, 0, 0, 0, 0, 0, 0, 0, 0, 0, 0, 0, 0, 0, ''),
(34959, 0, 1, 0, 64, 0, 100, 0, 0, 0, 0, 0, 72, 0, 0, 0, 0, 0, 0, 0, 0, 0, 0, 0, 0, 0, 0, ''),
(35126, 0, 0, 0, 62, 0, 100, 0, 35126, 0, 0, 0, 85, 66780, 0, 0, 0, 0, 0, 7, 0, 0, 0, 0, 0, 0, 0, ''),
(35128, 0, 0, 0, 62, 0, 100, 0, 35128, 0, 0, 0, 85, 66781, 0, 0, 0, 0, 0, 7, 0, 0, 0, 0, 0, 0, 0, ''),
(35130, 0, 0, 0, 62, 0, 100, 0, 35130, 0, 0, 0, 85, 66782, 0, 0, 0, 0, 0, 7, 0, 0, 0, 0, 0, 0, 0, ''),
(35200, 0, 0, 0, 0, 0, 100, 0, 5000, 8900, 11000, 17800, 11, 75361, 0, 0, 0, 0, 0, 2, 0, 0, 0, 0, 0, 0, 0, 'Cast Swashbuckling Slice'),
(35234, 0, 0, 0, 0, 0, 100, 0, 5000, 11000, 7800, 21300, 11, 6257, 0, 0, 0, 0, 0, 2, 0, 0, 0, 0, 0, 0, 0, 'Cast Torch Toss'),
(35304, 0, 0, 0, 1, 0, 100, 1, 500, 1000, 0, 0, 11, 76136, 0, 0, 0, 0, 0, 1, 0, 0, 0, 0, 0, 0, 0, 'Cast Stealth on Spawn'),
(35778, 0, 16, 0, 11, 0, 100, 1, 3000, 5000, 0, 0, 11, 44163, 0, 0, 0, 0, 0, 1, 0, 0, 0, 0, 0, 0, 0, 'Summon Imp Company'),
(35917, 0, 0, 0, 19, 0, 100, 0, 14240, 0, 0, 0, 1, 0, 0, 0, 0, 0, 0, 1, 0, 0, 0, 0, 0, 0, 0, ''),
(36519, 0, 16, 0, 11, 0, 100, 1, 3000, 5000, 0, 0, 11, 44163, 0, 0, 0, 0, 0, 1, 0, 0, 0, 0, 0, 0, 0, 'Summon Imp Company'),
(36600, 0, 0, 0, 19, 0, 100, 0, 14001, 0, 0, 0, 1, 0, 0, 0, 0, 0, 0, 1, 0, 0, 0, 0, 0, 0, 0, ''),
(36608, 0, 0, 1, 1, 0, 100, 1, 0, 0, 0, 0, 11, 59073, 0, 0, 0, 0, 0, 1, 0, 0, 0, 0, 0, 0, 0, 'OOC - Cast Phase 2'),
(36608, 0, 1, 0, 61, 0, 100, 0, 0, 0, 0, 0, 80, 3660800, 0, 0, 0, 0, 0, 1, 0, 0, 0, 0, 0, 0, 0, 'OOC - Start script 0'),
(36608, 0, 1, 2, 61, 0, 100, 0, 0, 0, 0, 0, 81, 0, 0, 0, 0, 0, 0, 1, 0, 0, 0, 0, 0, 0, 0, ''),
(36608, 0, 2, 0, 61, 0, 100, 0, 0, 0, 0, 0, 80, 3660800, 0, 0, 0, 0, 0, 1, 0, 0, 0, 0, 0, 0, 0, ''),
(36608, 0, 2, 3, 20, 0, 100, 0, 14239, 0, 0, 0, 1, 5, 0, 0, 0, 0, 0, 1, 0, 0, 0, 0, 0, 0, 0, 'Reward quest Don''''t Go Into the Light! - talk group id 5'),
(36608, 0, 3, 4, 61, 0, 100, 0, 0, 0, 0, 0, 80, 3660801, 0, 0, 0, 0, 0, 1, 0, 0, 0, 0, 0, 0, 0, 'Reward quest Don''''t Go Into the Light! - Start script 1'),
(36608, 0, 4, 5, 61, 0, 100, 0, 0, 0, 0, 0, 28, 42716, 0, 0, 0, 0, 0, 7, 0, 0, 0, 0, 0, 0, 0, 'Reward quest Don''''t Go Into the Light! - Remove Self Root'),
(36608, 0, 5, 0, 61, 0, 100, 0, 0, 0, 0, 0, 28, 81238, 0, 0, 0, 0, 0, 7, 0, 0, 0, 0, 0, 0, 0, 'Reward quest Don''''t Go Into the Light! - Remove State Dead'),
(36608, 0, 5, 6, 61, 0, 100, 0, 0, 0, 0, 0, 28, 42716, 0, 0, 0, 0, 0, 7, 0, 0, 0, 0, 0, 0, 0, ''),
(36608, 0, 6, 0, 61, 0, 100, 0, 0, 0, 0, 0, 28, 81238, 0, 0, 0, 0, 0, 7, 0, 0, 0, 0, 0, 0, 0, ''),
(37106, 0, 0, 0, 19, 0, 100, 0, 24488, 0, 0, 0, 1, 0, 0, 0, 0, 0, 0, 1, 0, 0, 0, 0, 0, 0, 0, ''),
(37106, 0, 1, 2, 19, 0, 100, 0, 24502, 0, 0, 0, 85, 70015, 2, 0, 0, 0, 0, 7, 0, 0, 0, 0, 0, 0, 0, ''),
(37106, 0, 2, 3, 61, 0, 100, 0, 0, 0, 0, 0, 1, 1, 0, 0, 0, 0, 0, 1, 0, 0, 0, 0, 0, 0, 0, ''),
(37106, 0, 3, 4, 61, 0, 100, 0, 0, 0, 0, 0, 1, 2, 0, 0, 0, 0, 0, 1, 0, 0, 0, 0, 0, 0, 0, ''),
(37106, 0, 4, 0, 61, 0, 100, 0, 0, 0, 0, 0, 33, 48271, 0, 0, 0, 0, 0, 7, 0, 0, 0, 0, 0, 0, 0, ''),
(37114, 0, 0, 0, 8, 0, 100, 0, 69993, 0, 0, 0, 37, 0, 0, 0, 0, 0, 0, 1, 0, 0, 0, 0, 0, 0, 0, ''),
(38111, 0, 0, 1, 8, 0, 100, 1, 71170, 0, 0, 0, 33, 38117, 0, 0, 0, 0, 0, 0, 0, 0, 0, 0, 0, 0, 0, ''),
(38111, 0, 1, 2, 61, 0, 100, 1, 0, 0, 0, 0, 11, 66727, 0, 0, 0, 0, 0, 1, 0, 0, 0, 0, 0, 0, 0, ''),
(38111, 0, 2, 3, 61, 0, 100, 1, 0, 0, 0, 0, 11, 74177, 0, 0, 0, 0, 0, 1, 0, 0, 0, 0, 0, 0, 0, ''),
(38111, 0, 3, 4, 61, 0, 100, 1, 0, 0, 0, 0, 46, 20, 0, 0, 0, 0, 0, 0, 0, 0, 0, 0, 0, 0, 0, ''),
(38111, 0, 4, 0, 61, 0, 100, 1, 0, 0, 0, 0, 41, 5000, 0, 0, 0, 0, 0, 0, 0, 0, 0, 0, 0, 0, 0, ''),
(38124, 0, 0, 0, 19, 0, 100, 0, 24817, 0, 0, 0, 1, 0, 0, 0, 0, 0, 0, 1, 0, 0, 0, 0, 0, 0, 0, 'Sassy Hardwrench - Quest Accept - Say Text 0'),
(38187, 0, 0, 0, 0, 0, 100, 0, 3000, 7000, 9000, 14000, 11, 42320, 0, 0, 0, 0, 0, 2, 0, 0, 0, 0, 0, 0, 0, ''),
(38187, 0, 1, 0, 0, 0, 100, 0, 1000, 2000, 9000, 13000, 11, 2649, 0, 0, 0, 0, 0, 1, 0, 0, 0, 0, 0, 0, 0, ''),
(38513, 0, 16, 0, 11, 0, 100, 1, 3000, 5000, 0, 0, 11, 44163, 0, 0, 0, 0, 0, 1, 0, 0, 0, 0, 0, 0, 0, 'Summon Imp Company'),
(38753, 0, 0, 1, 24, 0, 100, 0, 72887, 1, 1, 1000, 11, 72885, 0, 0, 0, 0, 0, 1, 0, 0, 0, 0, 0, 0, 0, ''),
(38753, 0, 1, 0, 61, 0, 100, 0, 0, 0, 0, 0, 33, 38807, 0, 0, 0, 0, 0, 7, 0, 0, 0, 0, 0, 0, 0, ''),
(39456, 0, 0, 1, 62, 0, 100, 0, 39456, 0, 0, 0, 72, 0, 0, 0, 0, 0, 0, 7, 0, 0, 0, 0, 0, 0, 0, 'Gossip menu'),
(39456, 0, 1, 2, 61, 0, 100, 0, 0, 0, 0, 0, 11, 73948, 0, 0, 0, 0, 0, 1, 0, 0, 0, 0, 0, 0, 0, 'Escape Velocity: Rockets'),
(39456, 0, 2, 3, 61, 0, 100, 0, 0, 0, 0, 0, 1, 1, 300, 0, 0, 0, 0, 0, 0, 0, 0, 0, 0, 0, 0, 'text'),
(39456, 0, 3, 4, 61, 0, 100, 0, 0, 0, 0, 0, 1, 0, 300, 0, 0, 0, 0, 0, 0, 0, 0, 0, 0, 0, 0, 'text-2'),
(39456, 0, 4, 5, 61, 0, 100, 0, 0, 0, 0, 0, 11, 73947, 0, 0, 0, 0, 0, 0, 0, 0, 0, 0, 0, 0, 0, 'Escape Velocity: On Interact'),
(39456, 0, 5, 6, 61, 0, 100, 0, 0, 0, 0, 0, 1, 2, 300, 0, 0, 0, 0, 1, 0, 0, 0, 0, 0, 0, 0, 'text-3'),
(48496, 0, 0, 0, 1, 0, 100, 1, 500, 1000, 0, 0, 11, 80264, 0, 0, 0, 0, 0, 1, 0, 0, 0, 0, 0, 0, 0, 'Cast Stealth on Spawn');

-- Kezan Partygoer
SET @ENTRY := 35175;
SET @SOURCETYPE := 0;

DELETE FROM `smart_scripts` WHERE `entryorguid`=@ENTRY AND `source_type`=@SOURCETYPE;
UPDATE creature_template SET AIName="SmartAI" WHERE entry=@ENTRY LIMIT 1;
INSERT INTO `smart_scripts` (`entryorguid`,`source_type`,`id`,`link`,`event_type`,`event_phase_mask`,`event_chance`,`event_flags`,`event_param1`,`event_param2`,`event_param3`,`event_param4`,`action_type`,`action_param1`,`action_param2`,`action_param3`,`action_param4`,`action_param5`,`action_param6`,`target_type`,`target_param1`,`target_param2`,`target_param3`,`target_x`,`target_y`,`target_z`,`target_o`,`comment`) VALUES 
(@ENTRY,@SOURCETYPE,0,1,4,0,100,0,0,0,0,0,11,66916,0,0,0,0,0,9,35186,0,2,0.0,0.0,0.0,0.0,"Bubu");

-- Kezan Partygoer
SET @ENTRY := 35186;
SET @SOURCETYPE := 0;

DELETE FROM `smart_scripts` WHERE `entryorguid`=@ENTRY AND `source_type`=@SOURCETYPE;
UPDATE creature_template SET AIName="SmartAI" WHERE entry=@ENTRY LIMIT 1;
INSERT INTO `smart_scripts` (`entryorguid`,`source_type`,`id`,`link`,`event_type`,`event_phase_mask`,`event_chance`,`event_flags`,`event_param1`,`event_param2`,`event_param3`,`event_param4`,`action_type`,`action_param1`,`action_param2`,`action_param3`,`action_param4`,`action_param5`,`action_param6`,`target_type`,`target_param1`,`target_param2`,`target_param3`,`target_x`,`target_y`,`target_z`,`target_o`,`comment`) VALUES 
(@ENTRY,@SOURCETYPE,0,1,23,0,100,0,66916,1,15000,15000,33,35175,0,0,0,0,0,18,1,0,0,0.0,0.0,0.0,0.0,"Bubu"),
(@ENTRY,@SOURCETYPE,1,0,1,0,100,0,15000,15000,15000,15000,28,66916,0,0,0,0,0,1,0,0,0,0.0,0.0,0.0,0.0,"");


--
-- Vendor & DBC
--

-- Npc_Vendor
DELETE FROM `npc_vendor` WHERE (`entry`=35126);
INSERT INTO `npc_vendor` (`entry`, `slot`, `item`, `maxcount`, `incrtime`, `ExtendedCost`) VALUES 
(35126, 0, 47045, 0, 0, 3403);

DELETE FROM `npc_vendor` WHERE (`entry`=35128);
INSERT INTO `npc_vendor` (`entry`, `slot`, `item`, `maxcount`, `incrtime`, `ExtendedCost`) VALUES 
(35128, 0, 47046, 0, 0, 3402);

DELETE FROM `npc_vendor` WHERE (`entry`=35130);
INSERT INTO `npc_vendor` (`entry`, `slot`, `item`, `maxcount`, `incrtime`, `ExtendedCost`) VALUES 
(35130, 0, 47047, 0, 0, 3401);

-- ExtendedCost
/* 
Modify files ItemExtendedCost.dbc (For modify use this soft: DBC Tool v2.7b)
add ligne :
id:3401 field4:47044 field9:2
id:3402 field4:47044 field9:3
id:3403 field4:47044 field9:5
*/

